region,subregion,AgSupplySector,AgSupplySubsector,AgProductionTechnology,year,nonLandVariableCost
USA,SnakeRiverBasin,Corn,CornSRB,CornSRB,1975,0.015
USA,SnakeRiverBasin,Corn,CornSRB,CornSRB,1990,0.015
USA,SnakeRiverBasin,Corn,CornSRB,CornSRB,2005,0.015
USA,SnakeRiverBasin,Corn,CornSRB,CornSRB,2010,0.015
USA,SnakeRiverBasin,Corn,CornSRB,CornSRB,2015,0.015
USA,SnakeRiverBasin,Corn,CornSRB,CornSRB,2020,0.015
USA,SnakeRiverBasin,Corn,CornSRB,CornSRB,2021,0.015
USA,SnakeRiverBasin,Corn,CornSRB,CornSRB,2022,0.015
USA,SnakeRiverBasin,Corn,CornSRB,CornSRB,2023,0.015
USA,SnakeRiverBasin,Corn,CornSRB,CornSRB,2024,0.015
USA,SnakeRiverBasin,Corn,CornSRB,CornSRB,2025,0.015
USA,SnakeRiverBasin,Corn,CornSRB,CornSRB,2026,0.015
USA,SnakeRiverBasin,Corn,CornSRB,CornSRB,2027,0.015
USA,SnakeRiverBasin,Corn,CornSRB,CornSRB,2028,0.015
USA,SnakeRiverBasin,Corn,CornSRB,CornSRB,2029,0.015
USA,SnakeRiverBasin,Corn,CornSRB,CornSRB,2030,0.015
USA,SnakeRiverBasin,Corn,CornSRB,CornSRB,2031,0.015
USA,SnakeRiverBasin,Corn,CornSRB,CornSRB,2032,0.015
USA,SnakeRiverBasin,Corn,CornSRB,CornSRB,2033,0.015
USA,SnakeRiverBasin,Corn,CornSRB,CornSRB,2034,0.015
USA,SnakeRiverBasin,Corn,CornSRB,CornSRB,2035,0.015
USA,SnakeRiverBasin,Corn,CornSRB,CornSRB,2036,0.015
USA,SnakeRiverBasin,Corn,CornSRB,CornSRB,2037,0.015
USA,SnakeRiverBasin,Corn,CornSRB,CornSRB,2038,0.015
USA,SnakeRiverBasin,Corn,CornSRB,CornSRB,2039,0.015
USA,SnakeRiverBasin,Corn,CornSRB,CornSRB,2040,0.015
USA,SnakeRiverBasin,Corn,CornSRB,CornSRB,2041,0.015
USA,SnakeRiverBasin,Corn,CornSRB,CornSRB,2042,0.015
USA,SnakeRiverBasin,Corn,CornSRB,CornSRB,2043,0.015
USA,SnakeRiverBasin,Corn,CornSRB,CornSRB,2044,0.015
USA,SnakeRiverBasin,Corn,CornSRB,CornSRB,2045,0.015
USA,SnakeRiverBasin,Corn,CornSRB,CornSRB,2046,0.015
USA,SnakeRiverBasin,Corn,CornSRB,CornSRB,2047,0.015
USA,SnakeRiverBasin,Corn,CornSRB,CornSRB,2048,0.015
USA,SnakeRiverBasin,Corn,CornSRB,CornSRB,2049,0.015
USA,SnakeRiverBasin,Corn,CornSRB,CornSRB,2050,0.015
USA,SnakeRiverBasin,Corn,CornSRB,CornSRB,2051,0.015
USA,SnakeRiverBasin,Corn,CornSRB,CornSRB,2052,0.015
USA,SnakeRiverBasin,Corn,CornSRB,CornSRB,2053,0.015
USA,SnakeRiverBasin,Corn,CornSRB,CornSRB,2054,0.015
USA,SnakeRiverBasin,Corn,CornSRB,CornSRB,2055,0.015
USA,SnakeRiverBasin,Corn,CornSRB,CornSRB,2056,0.015
USA,SnakeRiverBasin,Corn,CornSRB,CornSRB,2057,0.015
USA,SnakeRiverBasin,Corn,CornSRB,CornSRB,2058,0.015
USA,SnakeRiverBasin,Corn,CornSRB,CornSRB,2059,0.015
USA,SnakeRiverBasin,Corn,CornSRB,CornSRB,2060,0.015
USA,SnakeRiverBasin,Corn,CornSRB,CornSRB,2061,0.015
USA,SnakeRiverBasin,Corn,CornSRB,CornSRB,2062,0.015
USA,SnakeRiverBasin,Corn,CornSRB,CornSRB,2063,0.015
USA,SnakeRiverBasin,Corn,CornSRB,CornSRB,2064,0.015
USA,SnakeRiverBasin,Corn,CornSRB,CornSRB,2065,0.015
USA,SnakeRiverBasin,Corn,CornSRB,CornSRB,2066,0.015
USA,SnakeRiverBasin,Corn,CornSRB,CornSRB,2067,0.015
USA,SnakeRiverBasin,Corn,CornSRB,CornSRB,2068,0.015
USA,SnakeRiverBasin,Corn,CornSRB,CornSRB,2069,0.015
USA,SnakeRiverBasin,Corn,CornSRB,CornSRB,2070,0.015
USA,SnakeRiverBasin,Corn,CornSRB,CornSRB,2071,0.015
USA,SnakeRiverBasin,Corn,CornSRB,CornSRB,2072,0.015
USA,SnakeRiverBasin,Corn,CornSRB,CornSRB,2073,0.015
USA,SnakeRiverBasin,Corn,CornSRB,CornSRB,2074,0.015
USA,SnakeRiverBasin,Corn,CornSRB,CornSRB,2075,0.015
USA,SnakeRiverBasin,Corn,CornSRB,CornSRB,2076,0.015
USA,SnakeRiverBasin,Corn,CornSRB,CornSRB,2077,0.015
USA,SnakeRiverBasin,Corn,CornSRB,CornSRB,2078,0.015
USA,SnakeRiverBasin,Corn,CornSRB,CornSRB,2079,0.015
USA,SnakeRiverBasin,Corn,CornSRB,CornSRB,2080,0.015
USA,SnakeRiverBasin,Corn,CornSRB,CornSRB,2081,0.015
USA,SnakeRiverBasin,Corn,CornSRB,CornSRB,2082,0.015
USA,SnakeRiverBasin,Corn,CornSRB,CornSRB,2083,0.015
USA,SnakeRiverBasin,Corn,CornSRB,CornSRB,2084,0.015
USA,SnakeRiverBasin,Corn,CornSRB,CornSRB,2085,0.015
USA,SnakeRiverBasin,Corn,CornSRB,CornSRB,2086,0.015
USA,SnakeRiverBasin,Corn,CornSRB,CornSRB,2087,0.015
USA,SnakeRiverBasin,Corn,CornSRB,CornSRB,2088,0.015
USA,SnakeRiverBasin,Corn,CornSRB,CornSRB,2089,0.015
USA,SnakeRiverBasin,Corn,CornSRB,CornSRB,2090,0.015
USA,SnakeRiverBasin,Corn,CornSRB,CornSRB,2091,0.015
USA,SnakeRiverBasin,Corn,CornSRB,CornSRB,2092,0.015
USA,SnakeRiverBasin,Corn,CornSRB,CornSRB,2093,0.015
USA,SnakeRiverBasin,Corn,CornSRB,CornSRB,2094,0.015
USA,SnakeRiverBasin,Corn,CornSRB,CornSRB,2095,0.015
USA,SnakeRiverBasin,Corn,CornSRB,CornSRB,2096,0.015
USA,SnakeRiverBasin,Corn,CornSRB,CornSRB,2097,0.015
USA,SnakeRiverBasin,Corn,CornSRB,CornSRB,2098,0.015
USA,SnakeRiverBasin,Corn,CornSRB,CornSRB,2099,0.015
USA,SnakeRiverBasin,Corn,CornSRB,CornSRB,2100,0.015
USA,SnakeRiverBasin,FiberCrop,FiberCropSRB,FiberCropSRB,1975,0.0931
USA,SnakeRiverBasin,FiberCrop,FiberCropSRB,FiberCropSRB,1990,0.0931
USA,SnakeRiverBasin,FiberCrop,FiberCropSRB,FiberCropSRB,2005,0.0931
USA,SnakeRiverBasin,FiberCrop,FiberCropSRB,FiberCropSRB,2010,0.0931
USA,SnakeRiverBasin,FiberCrop,FiberCropSRB,FiberCropSRB,2015,0.0931
USA,SnakeRiverBasin,FiberCrop,FiberCropSRB,FiberCropSRB,2020,0.0931
USA,SnakeRiverBasin,FiberCrop,FiberCropSRB,FiberCropSRB,2021,0.0931
USA,SnakeRiverBasin,FiberCrop,FiberCropSRB,FiberCropSRB,2022,0.0931
USA,SnakeRiverBasin,FiberCrop,FiberCropSRB,FiberCropSRB,2023,0.0931
USA,SnakeRiverBasin,FiberCrop,FiberCropSRB,FiberCropSRB,2024,0.0931
USA,SnakeRiverBasin,FiberCrop,FiberCropSRB,FiberCropSRB,2025,0.0931
USA,SnakeRiverBasin,FiberCrop,FiberCropSRB,FiberCropSRB,2026,0.0931
USA,SnakeRiverBasin,FiberCrop,FiberCropSRB,FiberCropSRB,2027,0.0931
USA,SnakeRiverBasin,FiberCrop,FiberCropSRB,FiberCropSRB,2028,0.0931
USA,SnakeRiverBasin,FiberCrop,FiberCropSRB,FiberCropSRB,2029,0.0931
USA,SnakeRiverBasin,FiberCrop,FiberCropSRB,FiberCropSRB,2030,0.0931
USA,SnakeRiverBasin,FiberCrop,FiberCropSRB,FiberCropSRB,2031,0.0931
USA,SnakeRiverBasin,FiberCrop,FiberCropSRB,FiberCropSRB,2032,0.0931
USA,SnakeRiverBasin,FiberCrop,FiberCropSRB,FiberCropSRB,2033,0.0931
USA,SnakeRiverBasin,FiberCrop,FiberCropSRB,FiberCropSRB,2034,0.0931
USA,SnakeRiverBasin,FiberCrop,FiberCropSRB,FiberCropSRB,2035,0.0931
USA,SnakeRiverBasin,FiberCrop,FiberCropSRB,FiberCropSRB,2036,0.0931
USA,SnakeRiverBasin,FiberCrop,FiberCropSRB,FiberCropSRB,2037,0.0931
USA,SnakeRiverBasin,FiberCrop,FiberCropSRB,FiberCropSRB,2038,0.0931
USA,SnakeRiverBasin,FiberCrop,FiberCropSRB,FiberCropSRB,2039,0.0931
USA,SnakeRiverBasin,FiberCrop,FiberCropSRB,FiberCropSRB,2040,0.0931
USA,SnakeRiverBasin,FiberCrop,FiberCropSRB,FiberCropSRB,2041,0.0931
USA,SnakeRiverBasin,FiberCrop,FiberCropSRB,FiberCropSRB,2042,0.0931
USA,SnakeRiverBasin,FiberCrop,FiberCropSRB,FiberCropSRB,2043,0.0931
USA,SnakeRiverBasin,FiberCrop,FiberCropSRB,FiberCropSRB,2044,0.0931
USA,SnakeRiverBasin,FiberCrop,FiberCropSRB,FiberCropSRB,2045,0.0931
USA,SnakeRiverBasin,FiberCrop,FiberCropSRB,FiberCropSRB,2046,0.0931
USA,SnakeRiverBasin,FiberCrop,FiberCropSRB,FiberCropSRB,2047,0.0931
USA,SnakeRiverBasin,FiberCrop,FiberCropSRB,FiberCropSRB,2048,0.0931
USA,SnakeRiverBasin,FiberCrop,FiberCropSRB,FiberCropSRB,2049,0.0931
USA,SnakeRiverBasin,FiberCrop,FiberCropSRB,FiberCropSRB,2050,0.0931
USA,SnakeRiverBasin,FiberCrop,FiberCropSRB,FiberCropSRB,2051,0.0931
USA,SnakeRiverBasin,FiberCrop,FiberCropSRB,FiberCropSRB,2052,0.0931
USA,SnakeRiverBasin,FiberCrop,FiberCropSRB,FiberCropSRB,2053,0.0931
USA,SnakeRiverBasin,FiberCrop,FiberCropSRB,FiberCropSRB,2054,0.0931
USA,SnakeRiverBasin,FiberCrop,FiberCropSRB,FiberCropSRB,2055,0.0931
USA,SnakeRiverBasin,FiberCrop,FiberCropSRB,FiberCropSRB,2056,0.0931
USA,SnakeRiverBasin,FiberCrop,FiberCropSRB,FiberCropSRB,2057,0.0931
USA,SnakeRiverBasin,FiberCrop,FiberCropSRB,FiberCropSRB,2058,0.0931
USA,SnakeRiverBasin,FiberCrop,FiberCropSRB,FiberCropSRB,2059,0.0931
USA,SnakeRiverBasin,FiberCrop,FiberCropSRB,FiberCropSRB,2060,0.0931
USA,SnakeRiverBasin,FiberCrop,FiberCropSRB,FiberCropSRB,2061,0.0931
USA,SnakeRiverBasin,FiberCrop,FiberCropSRB,FiberCropSRB,2062,0.0931
USA,SnakeRiverBasin,FiberCrop,FiberCropSRB,FiberCropSRB,2063,0.0931
USA,SnakeRiverBasin,FiberCrop,FiberCropSRB,FiberCropSRB,2064,0.0931
USA,SnakeRiverBasin,FiberCrop,FiberCropSRB,FiberCropSRB,2065,0.0931
USA,SnakeRiverBasin,FiberCrop,FiberCropSRB,FiberCropSRB,2066,0.0931
USA,SnakeRiverBasin,FiberCrop,FiberCropSRB,FiberCropSRB,2067,0.0931
USA,SnakeRiverBasin,FiberCrop,FiberCropSRB,FiberCropSRB,2068,0.0931
USA,SnakeRiverBasin,FiberCrop,FiberCropSRB,FiberCropSRB,2069,0.0931
USA,SnakeRiverBasin,FiberCrop,FiberCropSRB,FiberCropSRB,2070,0.0931
USA,SnakeRiverBasin,FiberCrop,FiberCropSRB,FiberCropSRB,2071,0.0931
USA,SnakeRiverBasin,FiberCrop,FiberCropSRB,FiberCropSRB,2072,0.0931
USA,SnakeRiverBasin,FiberCrop,FiberCropSRB,FiberCropSRB,2073,0.0931
USA,SnakeRiverBasin,FiberCrop,FiberCropSRB,FiberCropSRB,2074,0.0931
USA,SnakeRiverBasin,FiberCrop,FiberCropSRB,FiberCropSRB,2075,0.0931
USA,SnakeRiverBasin,FiberCrop,FiberCropSRB,FiberCropSRB,2076,0.0931
USA,SnakeRiverBasin,FiberCrop,FiberCropSRB,FiberCropSRB,2077,0.0931
USA,SnakeRiverBasin,FiberCrop,FiberCropSRB,FiberCropSRB,2078,0.0931
USA,SnakeRiverBasin,FiberCrop,FiberCropSRB,FiberCropSRB,2079,0.0931
USA,SnakeRiverBasin,FiberCrop,FiberCropSRB,FiberCropSRB,2080,0.0931
USA,SnakeRiverBasin,FiberCrop,FiberCropSRB,FiberCropSRB,2081,0.0931
USA,SnakeRiverBasin,FiberCrop,FiberCropSRB,FiberCropSRB,2082,0.0931
USA,SnakeRiverBasin,FiberCrop,FiberCropSRB,FiberCropSRB,2083,0.0931
USA,SnakeRiverBasin,FiberCrop,FiberCropSRB,FiberCropSRB,2084,0.0931
USA,SnakeRiverBasin,FiberCrop,FiberCropSRB,FiberCropSRB,2085,0.0931
USA,SnakeRiverBasin,FiberCrop,FiberCropSRB,FiberCropSRB,2086,0.0931
USA,SnakeRiverBasin,FiberCrop,FiberCropSRB,FiberCropSRB,2087,0.0931
USA,SnakeRiverBasin,FiberCrop,FiberCropSRB,FiberCropSRB,2088,0.0931
USA,SnakeRiverBasin,FiberCrop,FiberCropSRB,FiberCropSRB,2089,0.0931
USA,SnakeRiverBasin,FiberCrop,FiberCropSRB,FiberCropSRB,2090,0.0931
USA,SnakeRiverBasin,FiberCrop,FiberCropSRB,FiberCropSRB,2091,0.0931
USA,SnakeRiverBasin,FiberCrop,FiberCropSRB,FiberCropSRB,2092,0.0931
USA,SnakeRiverBasin,FiberCrop,FiberCropSRB,FiberCropSRB,2093,0.0931
USA,SnakeRiverBasin,FiberCrop,FiberCropSRB,FiberCropSRB,2094,0.0931
USA,SnakeRiverBasin,FiberCrop,FiberCropSRB,FiberCropSRB,2095,0.0931
USA,SnakeRiverBasin,FiberCrop,FiberCropSRB,FiberCropSRB,2096,0.0931
USA,SnakeRiverBasin,FiberCrop,FiberCropSRB,FiberCropSRB,2097,0.0931
USA,SnakeRiverBasin,FiberCrop,FiberCropSRB,FiberCropSRB,2098,0.0931
USA,SnakeRiverBasin,FiberCrop,FiberCropSRB,FiberCropSRB,2099,0.0931
USA,SnakeRiverBasin,FiberCrop,FiberCropSRB,FiberCropSRB,2100,0.0931
USA,SnakeRiverBasin,FodderGrass,FodderGrassSRB,FodderGrassSRB,1975,0.0123
USA,SnakeRiverBasin,FodderGrass,FodderGrassSRB,FodderGrassSRB,1990,0.0123
USA,SnakeRiverBasin,FodderGrass,FodderGrassSRB,FodderGrassSRB,2005,0.0123
USA,SnakeRiverBasin,FodderGrass,FodderGrassSRB,FodderGrassSRB,2010,0.0123
USA,SnakeRiverBasin,FodderGrass,FodderGrassSRB,FodderGrassSRB,2015,0.0123
USA,SnakeRiverBasin,FodderGrass,FodderGrassSRB,FodderGrassSRB,2020,0.0123
USA,SnakeRiverBasin,FodderGrass,FodderGrassSRB,FodderGrassSRB,2021,0.0123
USA,SnakeRiverBasin,FodderGrass,FodderGrassSRB,FodderGrassSRB,2022,0.0123
USA,SnakeRiverBasin,FodderGrass,FodderGrassSRB,FodderGrassSRB,2023,0.0123
USA,SnakeRiverBasin,FodderGrass,FodderGrassSRB,FodderGrassSRB,2024,0.0123
USA,SnakeRiverBasin,FodderGrass,FodderGrassSRB,FodderGrassSRB,2025,0.0123
USA,SnakeRiverBasin,FodderGrass,FodderGrassSRB,FodderGrassSRB,2026,0.0123
USA,SnakeRiverBasin,FodderGrass,FodderGrassSRB,FodderGrassSRB,2027,0.0123
USA,SnakeRiverBasin,FodderGrass,FodderGrassSRB,FodderGrassSRB,2028,0.0123
USA,SnakeRiverBasin,FodderGrass,FodderGrassSRB,FodderGrassSRB,2029,0.0123
USA,SnakeRiverBasin,FodderGrass,FodderGrassSRB,FodderGrassSRB,2030,0.0123
USA,SnakeRiverBasin,FodderGrass,FodderGrassSRB,FodderGrassSRB,2031,0.0123
USA,SnakeRiverBasin,FodderGrass,FodderGrassSRB,FodderGrassSRB,2032,0.0123
USA,SnakeRiverBasin,FodderGrass,FodderGrassSRB,FodderGrassSRB,2033,0.0123
USA,SnakeRiverBasin,FodderGrass,FodderGrassSRB,FodderGrassSRB,2034,0.0123
USA,SnakeRiverBasin,FodderGrass,FodderGrassSRB,FodderGrassSRB,2035,0.0123
USA,SnakeRiverBasin,FodderGrass,FodderGrassSRB,FodderGrassSRB,2036,0.0123
USA,SnakeRiverBasin,FodderGrass,FodderGrassSRB,FodderGrassSRB,2037,0.0123
USA,SnakeRiverBasin,FodderGrass,FodderGrassSRB,FodderGrassSRB,2038,0.0123
USA,SnakeRiverBasin,FodderGrass,FodderGrassSRB,FodderGrassSRB,2039,0.0123
USA,SnakeRiverBasin,FodderGrass,FodderGrassSRB,FodderGrassSRB,2040,0.0123
USA,SnakeRiverBasin,FodderGrass,FodderGrassSRB,FodderGrassSRB,2041,0.0123
USA,SnakeRiverBasin,FodderGrass,FodderGrassSRB,FodderGrassSRB,2042,0.0123
USA,SnakeRiverBasin,FodderGrass,FodderGrassSRB,FodderGrassSRB,2043,0.0123
USA,SnakeRiverBasin,FodderGrass,FodderGrassSRB,FodderGrassSRB,2044,0.0123
USA,SnakeRiverBasin,FodderGrass,FodderGrassSRB,FodderGrassSRB,2045,0.0123
USA,SnakeRiverBasin,FodderGrass,FodderGrassSRB,FodderGrassSRB,2046,0.0123
USA,SnakeRiverBasin,FodderGrass,FodderGrassSRB,FodderGrassSRB,2047,0.0123
USA,SnakeRiverBasin,FodderGrass,FodderGrassSRB,FodderGrassSRB,2048,0.0123
USA,SnakeRiverBasin,FodderGrass,FodderGrassSRB,FodderGrassSRB,2049,0.0123
USA,SnakeRiverBasin,FodderGrass,FodderGrassSRB,FodderGrassSRB,2050,0.0123
USA,SnakeRiverBasin,FodderGrass,FodderGrassSRB,FodderGrassSRB,2051,0.0123
USA,SnakeRiverBasin,FodderGrass,FodderGrassSRB,FodderGrassSRB,2052,0.0123
USA,SnakeRiverBasin,FodderGrass,FodderGrassSRB,FodderGrassSRB,2053,0.0123
USA,SnakeRiverBasin,FodderGrass,FodderGrassSRB,FodderGrassSRB,2054,0.0123
USA,SnakeRiverBasin,FodderGrass,FodderGrassSRB,FodderGrassSRB,2055,0.0123
USA,SnakeRiverBasin,FodderGrass,FodderGrassSRB,FodderGrassSRB,2056,0.0123
USA,SnakeRiverBasin,FodderGrass,FodderGrassSRB,FodderGrassSRB,2057,0.0123
USA,SnakeRiverBasin,FodderGrass,FodderGrassSRB,FodderGrassSRB,2058,0.0123
USA,SnakeRiverBasin,FodderGrass,FodderGrassSRB,FodderGrassSRB,2059,0.0123
USA,SnakeRiverBasin,FodderGrass,FodderGrassSRB,FodderGrassSRB,2060,0.0123
USA,SnakeRiverBasin,FodderGrass,FodderGrassSRB,FodderGrassSRB,2061,0.0123
USA,SnakeRiverBasin,FodderGrass,FodderGrassSRB,FodderGrassSRB,2062,0.0123
USA,SnakeRiverBasin,FodderGrass,FodderGrassSRB,FodderGrassSRB,2063,0.0123
USA,SnakeRiverBasin,FodderGrass,FodderGrassSRB,FodderGrassSRB,2064,0.0123
USA,SnakeRiverBasin,FodderGrass,FodderGrassSRB,FodderGrassSRB,2065,0.0123
USA,SnakeRiverBasin,FodderGrass,FodderGrassSRB,FodderGrassSRB,2066,0.0123
USA,SnakeRiverBasin,FodderGrass,FodderGrassSRB,FodderGrassSRB,2067,0.0123
USA,SnakeRiverBasin,FodderGrass,FodderGrassSRB,FodderGrassSRB,2068,0.0123
USA,SnakeRiverBasin,FodderGrass,FodderGrassSRB,FodderGrassSRB,2069,0.0123
USA,SnakeRiverBasin,FodderGrass,FodderGrassSRB,FodderGrassSRB,2070,0.0123
USA,SnakeRiverBasin,FodderGrass,FodderGrassSRB,FodderGrassSRB,2071,0.0123
USA,SnakeRiverBasin,FodderGrass,FodderGrassSRB,FodderGrassSRB,2072,0.0123
USA,SnakeRiverBasin,FodderGrass,FodderGrassSRB,FodderGrassSRB,2073,0.0123
USA,SnakeRiverBasin,FodderGrass,FodderGrassSRB,FodderGrassSRB,2074,0.0123
USA,SnakeRiverBasin,FodderGrass,FodderGrassSRB,FodderGrassSRB,2075,0.0123
USA,SnakeRiverBasin,FodderGrass,FodderGrassSRB,FodderGrassSRB,2076,0.0123
USA,SnakeRiverBasin,FodderGrass,FodderGrassSRB,FodderGrassSRB,2077,0.0123
USA,SnakeRiverBasin,FodderGrass,FodderGrassSRB,FodderGrassSRB,2078,0.0123
USA,SnakeRiverBasin,FodderGrass,FodderGrassSRB,FodderGrassSRB,2079,0.0123
USA,SnakeRiverBasin,FodderGrass,FodderGrassSRB,FodderGrassSRB,2080,0.0123
USA,SnakeRiverBasin,FodderGrass,FodderGrassSRB,FodderGrassSRB,2081,0.0123
USA,SnakeRiverBasin,FodderGrass,FodderGrassSRB,FodderGrassSRB,2082,0.0123
USA,SnakeRiverBasin,FodderGrass,FodderGrassSRB,FodderGrassSRB,2083,0.0123
USA,SnakeRiverBasin,FodderGrass,FodderGrassSRB,FodderGrassSRB,2084,0.0123
USA,SnakeRiverBasin,FodderGrass,FodderGrassSRB,FodderGrassSRB,2085,0.0123
USA,SnakeRiverBasin,FodderGrass,FodderGrassSRB,FodderGrassSRB,2086,0.0123
USA,SnakeRiverBasin,FodderGrass,FodderGrassSRB,FodderGrassSRB,2087,0.0123
USA,SnakeRiverBasin,FodderGrass,FodderGrassSRB,FodderGrassSRB,2088,0.0123
USA,SnakeRiverBasin,FodderGrass,FodderGrassSRB,FodderGrassSRB,2089,0.0123
USA,SnakeRiverBasin,FodderGrass,FodderGrassSRB,FodderGrassSRB,2090,0.0123
USA,SnakeRiverBasin,FodderGrass,FodderGrassSRB,FodderGrassSRB,2091,0.0123
USA,SnakeRiverBasin,FodderGrass,FodderGrassSRB,FodderGrassSRB,2092,0.0123
USA,SnakeRiverBasin,FodderGrass,FodderGrassSRB,FodderGrassSRB,2093,0.0123
USA,SnakeRiverBasin,FodderGrass,FodderGrassSRB,FodderGrassSRB,2094,0.0123
USA,SnakeRiverBasin,FodderGrass,FodderGrassSRB,FodderGrassSRB,2095,0.0123
USA,SnakeRiverBasin,FodderGrass,FodderGrassSRB,FodderGrassSRB,2096,0.0123
USA,SnakeRiverBasin,FodderGrass,FodderGrassSRB,FodderGrassSRB,2097,0.0123
USA,SnakeRiverBasin,FodderGrass,FodderGrassSRB,FodderGrassSRB,2098,0.0123
USA,SnakeRiverBasin,FodderGrass,FodderGrassSRB,FodderGrassSRB,2099,0.0123
USA,SnakeRiverBasin,FodderGrass,FodderGrassSRB,FodderGrassSRB,2100,0.0123
USA,SnakeRiverBasin,FodderHerb,FodderHerbSRB,FodderHerbSRB,1975,0.0176
USA,SnakeRiverBasin,FodderHerb,FodderHerbSRB,FodderHerbSRB,1990,0.0176
USA,SnakeRiverBasin,FodderHerb,FodderHerbSRB,FodderHerbSRB,2005,0.0176
USA,SnakeRiverBasin,FodderHerb,FodderHerbSRB,FodderHerbSRB,2010,0.0176
USA,SnakeRiverBasin,FodderHerb,FodderHerbSRB,FodderHerbSRB,2015,0.0176
USA,SnakeRiverBasin,FodderHerb,FodderHerbSRB,FodderHerbSRB,2020,0.0176
USA,SnakeRiverBasin,FodderHerb,FodderHerbSRB,FodderHerbSRB,2021,0.0176
USA,SnakeRiverBasin,FodderHerb,FodderHerbSRB,FodderHerbSRB,2022,0.0176
USA,SnakeRiverBasin,FodderHerb,FodderHerbSRB,FodderHerbSRB,2023,0.0176
USA,SnakeRiverBasin,FodderHerb,FodderHerbSRB,FodderHerbSRB,2024,0.0176
USA,SnakeRiverBasin,FodderHerb,FodderHerbSRB,FodderHerbSRB,2025,0.0176
USA,SnakeRiverBasin,FodderHerb,FodderHerbSRB,FodderHerbSRB,2026,0.0176
USA,SnakeRiverBasin,FodderHerb,FodderHerbSRB,FodderHerbSRB,2027,0.0176
USA,SnakeRiverBasin,FodderHerb,FodderHerbSRB,FodderHerbSRB,2028,0.0176
USA,SnakeRiverBasin,FodderHerb,FodderHerbSRB,FodderHerbSRB,2029,0.0176
USA,SnakeRiverBasin,FodderHerb,FodderHerbSRB,FodderHerbSRB,2030,0.0176
USA,SnakeRiverBasin,FodderHerb,FodderHerbSRB,FodderHerbSRB,2031,0.0176
USA,SnakeRiverBasin,FodderHerb,FodderHerbSRB,FodderHerbSRB,2032,0.0176
USA,SnakeRiverBasin,FodderHerb,FodderHerbSRB,FodderHerbSRB,2033,0.0176
USA,SnakeRiverBasin,FodderHerb,FodderHerbSRB,FodderHerbSRB,2034,0.0176
USA,SnakeRiverBasin,FodderHerb,FodderHerbSRB,FodderHerbSRB,2035,0.0176
USA,SnakeRiverBasin,FodderHerb,FodderHerbSRB,FodderHerbSRB,2036,0.0176
USA,SnakeRiverBasin,FodderHerb,FodderHerbSRB,FodderHerbSRB,2037,0.0176
USA,SnakeRiverBasin,FodderHerb,FodderHerbSRB,FodderHerbSRB,2038,0.0176
USA,SnakeRiverBasin,FodderHerb,FodderHerbSRB,FodderHerbSRB,2039,0.0176
USA,SnakeRiverBasin,FodderHerb,FodderHerbSRB,FodderHerbSRB,2040,0.0176
USA,SnakeRiverBasin,FodderHerb,FodderHerbSRB,FodderHerbSRB,2041,0.0176
USA,SnakeRiverBasin,FodderHerb,FodderHerbSRB,FodderHerbSRB,2042,0.0176
USA,SnakeRiverBasin,FodderHerb,FodderHerbSRB,FodderHerbSRB,2043,0.0176
USA,SnakeRiverBasin,FodderHerb,FodderHerbSRB,FodderHerbSRB,2044,0.0176
USA,SnakeRiverBasin,FodderHerb,FodderHerbSRB,FodderHerbSRB,2045,0.0176
USA,SnakeRiverBasin,FodderHerb,FodderHerbSRB,FodderHerbSRB,2046,0.0176
USA,SnakeRiverBasin,FodderHerb,FodderHerbSRB,FodderHerbSRB,2047,0.0176
USA,SnakeRiverBasin,FodderHerb,FodderHerbSRB,FodderHerbSRB,2048,0.0176
USA,SnakeRiverBasin,FodderHerb,FodderHerbSRB,FodderHerbSRB,2049,0.0176
USA,SnakeRiverBasin,FodderHerb,FodderHerbSRB,FodderHerbSRB,2050,0.0176
USA,SnakeRiverBasin,FodderHerb,FodderHerbSRB,FodderHerbSRB,2051,0.0176
USA,SnakeRiverBasin,FodderHerb,FodderHerbSRB,FodderHerbSRB,2052,0.0176
USA,SnakeRiverBasin,FodderHerb,FodderHerbSRB,FodderHerbSRB,2053,0.0176
USA,SnakeRiverBasin,FodderHerb,FodderHerbSRB,FodderHerbSRB,2054,0.0176
USA,SnakeRiverBasin,FodderHerb,FodderHerbSRB,FodderHerbSRB,2055,0.0176
USA,SnakeRiverBasin,FodderHerb,FodderHerbSRB,FodderHerbSRB,2056,0.0176
USA,SnakeRiverBasin,FodderHerb,FodderHerbSRB,FodderHerbSRB,2057,0.0176
USA,SnakeRiverBasin,FodderHerb,FodderHerbSRB,FodderHerbSRB,2058,0.0176
USA,SnakeRiverBasin,FodderHerb,FodderHerbSRB,FodderHerbSRB,2059,0.0176
USA,SnakeRiverBasin,FodderHerb,FodderHerbSRB,FodderHerbSRB,2060,0.0176
USA,SnakeRiverBasin,FodderHerb,FodderHerbSRB,FodderHerbSRB,2061,0.0176
USA,SnakeRiverBasin,FodderHerb,FodderHerbSRB,FodderHerbSRB,2062,0.0176
USA,SnakeRiverBasin,FodderHerb,FodderHerbSRB,FodderHerbSRB,2063,0.0176
USA,SnakeRiverBasin,FodderHerb,FodderHerbSRB,FodderHerbSRB,2064,0.0176
USA,SnakeRiverBasin,FodderHerb,FodderHerbSRB,FodderHerbSRB,2065,0.0176
USA,SnakeRiverBasin,FodderHerb,FodderHerbSRB,FodderHerbSRB,2066,0.0176
USA,SnakeRiverBasin,FodderHerb,FodderHerbSRB,FodderHerbSRB,2067,0.0176
USA,SnakeRiverBasin,FodderHerb,FodderHerbSRB,FodderHerbSRB,2068,0.0176
USA,SnakeRiverBasin,FodderHerb,FodderHerbSRB,FodderHerbSRB,2069,0.0176
USA,SnakeRiverBasin,FodderHerb,FodderHerbSRB,FodderHerbSRB,2070,0.0176
USA,SnakeRiverBasin,FodderHerb,FodderHerbSRB,FodderHerbSRB,2071,0.0176
USA,SnakeRiverBasin,FodderHerb,FodderHerbSRB,FodderHerbSRB,2072,0.0176
USA,SnakeRiverBasin,FodderHerb,FodderHerbSRB,FodderHerbSRB,2073,0.0176
USA,SnakeRiverBasin,FodderHerb,FodderHerbSRB,FodderHerbSRB,2074,0.0176
USA,SnakeRiverBasin,FodderHerb,FodderHerbSRB,FodderHerbSRB,2075,0.0176
USA,SnakeRiverBasin,FodderHerb,FodderHerbSRB,FodderHerbSRB,2076,0.0176
USA,SnakeRiverBasin,FodderHerb,FodderHerbSRB,FodderHerbSRB,2077,0.0176
USA,SnakeRiverBasin,FodderHerb,FodderHerbSRB,FodderHerbSRB,2078,0.0176
USA,SnakeRiverBasin,FodderHerb,FodderHerbSRB,FodderHerbSRB,2079,0.0176
USA,SnakeRiverBasin,FodderHerb,FodderHerbSRB,FodderHerbSRB,2080,0.0176
USA,SnakeRiverBasin,FodderHerb,FodderHerbSRB,FodderHerbSRB,2081,0.0176
USA,SnakeRiverBasin,FodderHerb,FodderHerbSRB,FodderHerbSRB,2082,0.0176
USA,SnakeRiverBasin,FodderHerb,FodderHerbSRB,FodderHerbSRB,2083,0.0176
USA,SnakeRiverBasin,FodderHerb,FodderHerbSRB,FodderHerbSRB,2084,0.0176
USA,SnakeRiverBasin,FodderHerb,FodderHerbSRB,FodderHerbSRB,2085,0.0176
USA,SnakeRiverBasin,FodderHerb,FodderHerbSRB,FodderHerbSRB,2086,0.0176
USA,SnakeRiverBasin,FodderHerb,FodderHerbSRB,FodderHerbSRB,2087,0.0176
USA,SnakeRiverBasin,FodderHerb,FodderHerbSRB,FodderHerbSRB,2088,0.0176
USA,SnakeRiverBasin,FodderHerb,FodderHerbSRB,FodderHerbSRB,2089,0.0176
USA,SnakeRiverBasin,FodderHerb,FodderHerbSRB,FodderHerbSRB,2090,0.0176
USA,SnakeRiverBasin,FodderHerb,FodderHerbSRB,FodderHerbSRB,2091,0.0176
USA,SnakeRiverBasin,FodderHerb,FodderHerbSRB,FodderHerbSRB,2092,0.0176
USA,SnakeRiverBasin,FodderHerb,FodderHerbSRB,FodderHerbSRB,2093,0.0176
USA,SnakeRiverBasin,FodderHerb,FodderHerbSRB,FodderHerbSRB,2094,0.0176
USA,SnakeRiverBasin,FodderHerb,FodderHerbSRB,FodderHerbSRB,2095,0.0176
USA,SnakeRiverBasin,FodderHerb,FodderHerbSRB,FodderHerbSRB,2096,0.0176
USA,SnakeRiverBasin,FodderHerb,FodderHerbSRB,FodderHerbSRB,2097,0.0176
USA,SnakeRiverBasin,FodderHerb,FodderHerbSRB,FodderHerbSRB,2098,0.0176
USA,SnakeRiverBasin,FodderHerb,FodderHerbSRB,FodderHerbSRB,2099,0.0176
USA,SnakeRiverBasin,FodderHerb,FodderHerbSRB,FodderHerbSRB,2100,0.0176
USA,SnakeRiverBasin,MiscCrop,MiscCropSRB,MiscCropSRB,1975,0.0906
USA,SnakeRiverBasin,MiscCrop,MiscCropSRB,MiscCropSRB,1990,0.0906
USA,SnakeRiverBasin,MiscCrop,MiscCropSRB,MiscCropSRB,2005,0.0906
USA,SnakeRiverBasin,MiscCrop,MiscCropSRB,MiscCropSRB,2010,0.0906
USA,SnakeRiverBasin,MiscCrop,MiscCropSRB,MiscCropSRB,2015,0.0906
USA,SnakeRiverBasin,MiscCrop,MiscCropSRB,MiscCropSRB,2020,0.0906
USA,SnakeRiverBasin,MiscCrop,MiscCropSRB,MiscCropSRB,2021,0.0906
USA,SnakeRiverBasin,MiscCrop,MiscCropSRB,MiscCropSRB,2022,0.0906
USA,SnakeRiverBasin,MiscCrop,MiscCropSRB,MiscCropSRB,2023,0.0906
USA,SnakeRiverBasin,MiscCrop,MiscCropSRB,MiscCropSRB,2024,0.0906
USA,SnakeRiverBasin,MiscCrop,MiscCropSRB,MiscCropSRB,2025,0.0906
USA,SnakeRiverBasin,MiscCrop,MiscCropSRB,MiscCropSRB,2026,0.0906
USA,SnakeRiverBasin,MiscCrop,MiscCropSRB,MiscCropSRB,2027,0.0906
USA,SnakeRiverBasin,MiscCrop,MiscCropSRB,MiscCropSRB,2028,0.0906
USA,SnakeRiverBasin,MiscCrop,MiscCropSRB,MiscCropSRB,2029,0.0906
USA,SnakeRiverBasin,MiscCrop,MiscCropSRB,MiscCropSRB,2030,0.0906
USA,SnakeRiverBasin,MiscCrop,MiscCropSRB,MiscCropSRB,2031,0.0906
USA,SnakeRiverBasin,MiscCrop,MiscCropSRB,MiscCropSRB,2032,0.0906
USA,SnakeRiverBasin,MiscCrop,MiscCropSRB,MiscCropSRB,2033,0.0906
USA,SnakeRiverBasin,MiscCrop,MiscCropSRB,MiscCropSRB,2034,0.0906
USA,SnakeRiverBasin,MiscCrop,MiscCropSRB,MiscCropSRB,2035,0.0906
USA,SnakeRiverBasin,MiscCrop,MiscCropSRB,MiscCropSRB,2036,0.0906
USA,SnakeRiverBasin,MiscCrop,MiscCropSRB,MiscCropSRB,2037,0.0906
USA,SnakeRiverBasin,MiscCrop,MiscCropSRB,MiscCropSRB,2038,0.0906
USA,SnakeRiverBasin,MiscCrop,MiscCropSRB,MiscCropSRB,2039,0.0906
USA,SnakeRiverBasin,MiscCrop,MiscCropSRB,MiscCropSRB,2040,0.0906
USA,SnakeRiverBasin,MiscCrop,MiscCropSRB,MiscCropSRB,2041,0.0906
USA,SnakeRiverBasin,MiscCrop,MiscCropSRB,MiscCropSRB,2042,0.0906
USA,SnakeRiverBasin,MiscCrop,MiscCropSRB,MiscCropSRB,2043,0.0906
USA,SnakeRiverBasin,MiscCrop,MiscCropSRB,MiscCropSRB,2044,0.0906
USA,SnakeRiverBasin,MiscCrop,MiscCropSRB,MiscCropSRB,2045,0.0906
USA,SnakeRiverBasin,MiscCrop,MiscCropSRB,MiscCropSRB,2046,0.0906
USA,SnakeRiverBasin,MiscCrop,MiscCropSRB,MiscCropSRB,2047,0.0906
USA,SnakeRiverBasin,MiscCrop,MiscCropSRB,MiscCropSRB,2048,0.0906
USA,SnakeRiverBasin,MiscCrop,MiscCropSRB,MiscCropSRB,2049,0.0906
USA,SnakeRiverBasin,MiscCrop,MiscCropSRB,MiscCropSRB,2050,0.0906
USA,SnakeRiverBasin,MiscCrop,MiscCropSRB,MiscCropSRB,2051,0.0906
USA,SnakeRiverBasin,MiscCrop,MiscCropSRB,MiscCropSRB,2052,0.0906
USA,SnakeRiverBasin,MiscCrop,MiscCropSRB,MiscCropSRB,2053,0.0906
USA,SnakeRiverBasin,MiscCrop,MiscCropSRB,MiscCropSRB,2054,0.0906
USA,SnakeRiverBasin,MiscCrop,MiscCropSRB,MiscCropSRB,2055,0.0906
USA,SnakeRiverBasin,MiscCrop,MiscCropSRB,MiscCropSRB,2056,0.0906
USA,SnakeRiverBasin,MiscCrop,MiscCropSRB,MiscCropSRB,2057,0.0906
USA,SnakeRiverBasin,MiscCrop,MiscCropSRB,MiscCropSRB,2058,0.0906
USA,SnakeRiverBasin,MiscCrop,MiscCropSRB,MiscCropSRB,2059,0.0906
USA,SnakeRiverBasin,MiscCrop,MiscCropSRB,MiscCropSRB,2060,0.0906
USA,SnakeRiverBasin,MiscCrop,MiscCropSRB,MiscCropSRB,2061,0.0906
USA,SnakeRiverBasin,MiscCrop,MiscCropSRB,MiscCropSRB,2062,0.0906
USA,SnakeRiverBasin,MiscCrop,MiscCropSRB,MiscCropSRB,2063,0.0906
USA,SnakeRiverBasin,MiscCrop,MiscCropSRB,MiscCropSRB,2064,0.0906
USA,SnakeRiverBasin,MiscCrop,MiscCropSRB,MiscCropSRB,2065,0.0906
USA,SnakeRiverBasin,MiscCrop,MiscCropSRB,MiscCropSRB,2066,0.0906
USA,SnakeRiverBasin,MiscCrop,MiscCropSRB,MiscCropSRB,2067,0.0906
USA,SnakeRiverBasin,MiscCrop,MiscCropSRB,MiscCropSRB,2068,0.0906
USA,SnakeRiverBasin,MiscCrop,MiscCropSRB,MiscCropSRB,2069,0.0906
USA,SnakeRiverBasin,MiscCrop,MiscCropSRB,MiscCropSRB,2070,0.0906
USA,SnakeRiverBasin,MiscCrop,MiscCropSRB,MiscCropSRB,2071,0.0906
USA,SnakeRiverBasin,MiscCrop,MiscCropSRB,MiscCropSRB,2072,0.0906
USA,SnakeRiverBasin,MiscCrop,MiscCropSRB,MiscCropSRB,2073,0.0906
USA,SnakeRiverBasin,MiscCrop,MiscCropSRB,MiscCropSRB,2074,0.0906
USA,SnakeRiverBasin,MiscCrop,MiscCropSRB,MiscCropSRB,2075,0.0906
USA,SnakeRiverBasin,MiscCrop,MiscCropSRB,MiscCropSRB,2076,0.0906
USA,SnakeRiverBasin,MiscCrop,MiscCropSRB,MiscCropSRB,2077,0.0906
USA,SnakeRiverBasin,MiscCrop,MiscCropSRB,MiscCropSRB,2078,0.0906
USA,SnakeRiverBasin,MiscCrop,MiscCropSRB,MiscCropSRB,2079,0.0906
USA,SnakeRiverBasin,MiscCrop,MiscCropSRB,MiscCropSRB,2080,0.0906
USA,SnakeRiverBasin,MiscCrop,MiscCropSRB,MiscCropSRB,2081,0.0906
USA,SnakeRiverBasin,MiscCrop,MiscCropSRB,MiscCropSRB,2082,0.0906
USA,SnakeRiverBasin,MiscCrop,MiscCropSRB,MiscCropSRB,2083,0.0906
USA,SnakeRiverBasin,MiscCrop,MiscCropSRB,MiscCropSRB,2084,0.0906
USA,SnakeRiverBasin,MiscCrop,MiscCropSRB,MiscCropSRB,2085,0.0906
USA,SnakeRiverBasin,MiscCrop,MiscCropSRB,MiscCropSRB,2086,0.0906
USA,SnakeRiverBasin,MiscCrop,MiscCropSRB,MiscCropSRB,2087,0.0906
USA,SnakeRiverBasin,MiscCrop,MiscCropSRB,MiscCropSRB,2088,0.0906
USA,SnakeRiverBasin,MiscCrop,MiscCropSRB,MiscCropSRB,2089,0.0906
USA,SnakeRiverBasin,MiscCrop,MiscCropSRB,MiscCropSRB,2090,0.0906
USA,SnakeRiverBasin,MiscCrop,MiscCropSRB,MiscCropSRB,2091,0.0906
USA,SnakeRiverBasin,MiscCrop,MiscCropSRB,MiscCropSRB,2092,0.0906
USA,SnakeRiverBasin,MiscCrop,MiscCropSRB,MiscCropSRB,2093,0.0906
USA,SnakeRiverBasin,MiscCrop,MiscCropSRB,MiscCropSRB,2094,0.0906
USA,SnakeRiverBasin,MiscCrop,MiscCropSRB,MiscCropSRB,2095,0.0906
USA,SnakeRiverBasin,MiscCrop,MiscCropSRB,MiscCropSRB,2096,0.0906
USA,SnakeRiverBasin,MiscCrop,MiscCropSRB,MiscCropSRB,2097,0.0906
USA,SnakeRiverBasin,MiscCrop,MiscCropSRB,MiscCropSRB,2098,0.0906
USA,SnakeRiverBasin,MiscCrop,MiscCropSRB,MiscCropSRB,2099,0.0906
USA,SnakeRiverBasin,MiscCrop,MiscCropSRB,MiscCropSRB,2100,0.0906
USA,SnakeRiverBasin,OilCrop,OilCropSRB,OilCropSRB,1975,0.0351
USA,SnakeRiverBasin,OilCrop,OilCropSRB,OilCropSRB,1990,0.0351
USA,SnakeRiverBasin,OilCrop,OilCropSRB,OilCropSRB,2005,0.0351
USA,SnakeRiverBasin,OilCrop,OilCropSRB,OilCropSRB,2010,0.0351
USA,SnakeRiverBasin,OilCrop,OilCropSRB,OilCropSRB,2015,0.0351
USA,SnakeRiverBasin,OilCrop,OilCropSRB,OilCropSRB,2020,0.0351
USA,SnakeRiverBasin,OilCrop,OilCropSRB,OilCropSRB,2021,0.0351
USA,SnakeRiverBasin,OilCrop,OilCropSRB,OilCropSRB,2022,0.0351
USA,SnakeRiverBasin,OilCrop,OilCropSRB,OilCropSRB,2023,0.0351
USA,SnakeRiverBasin,OilCrop,OilCropSRB,OilCropSRB,2024,0.0351
USA,SnakeRiverBasin,OilCrop,OilCropSRB,OilCropSRB,2025,0.0351
USA,SnakeRiverBasin,OilCrop,OilCropSRB,OilCropSRB,2026,0.0351
USA,SnakeRiverBasin,OilCrop,OilCropSRB,OilCropSRB,2027,0.0351
USA,SnakeRiverBasin,OilCrop,OilCropSRB,OilCropSRB,2028,0.0351
USA,SnakeRiverBasin,OilCrop,OilCropSRB,OilCropSRB,2029,0.0351
USA,SnakeRiverBasin,OilCrop,OilCropSRB,OilCropSRB,2030,0.0351
USA,SnakeRiverBasin,OilCrop,OilCropSRB,OilCropSRB,2031,0.0351
USA,SnakeRiverBasin,OilCrop,OilCropSRB,OilCropSRB,2032,0.0351
USA,SnakeRiverBasin,OilCrop,OilCropSRB,OilCropSRB,2033,0.0351
USA,SnakeRiverBasin,OilCrop,OilCropSRB,OilCropSRB,2034,0.0351
USA,SnakeRiverBasin,OilCrop,OilCropSRB,OilCropSRB,2035,0.0351
USA,SnakeRiverBasin,OilCrop,OilCropSRB,OilCropSRB,2036,0.0351
USA,SnakeRiverBasin,OilCrop,OilCropSRB,OilCropSRB,2037,0.0351
USA,SnakeRiverBasin,OilCrop,OilCropSRB,OilCropSRB,2038,0.0351
USA,SnakeRiverBasin,OilCrop,OilCropSRB,OilCropSRB,2039,0.0351
USA,SnakeRiverBasin,OilCrop,OilCropSRB,OilCropSRB,2040,0.0351
USA,SnakeRiverBasin,OilCrop,OilCropSRB,OilCropSRB,2041,0.0351
USA,SnakeRiverBasin,OilCrop,OilCropSRB,OilCropSRB,2042,0.0351
USA,SnakeRiverBasin,OilCrop,OilCropSRB,OilCropSRB,2043,0.0351
USA,SnakeRiverBasin,OilCrop,OilCropSRB,OilCropSRB,2044,0.0351
USA,SnakeRiverBasin,OilCrop,OilCropSRB,OilCropSRB,2045,0.0351
USA,SnakeRiverBasin,OilCrop,OilCropSRB,OilCropSRB,2046,0.0351
USA,SnakeRiverBasin,OilCrop,OilCropSRB,OilCropSRB,2047,0.0351
USA,SnakeRiverBasin,OilCrop,OilCropSRB,OilCropSRB,2048,0.0351
USA,SnakeRiverBasin,OilCrop,OilCropSRB,OilCropSRB,2049,0.0351
USA,SnakeRiverBasin,OilCrop,OilCropSRB,OilCropSRB,2050,0.0351
USA,SnakeRiverBasin,OilCrop,OilCropSRB,OilCropSRB,2051,0.0351
USA,SnakeRiverBasin,OilCrop,OilCropSRB,OilCropSRB,2052,0.0351
USA,SnakeRiverBasin,OilCrop,OilCropSRB,OilCropSRB,2053,0.0351
USA,SnakeRiverBasin,OilCrop,OilCropSRB,OilCropSRB,2054,0.0351
USA,SnakeRiverBasin,OilCrop,OilCropSRB,OilCropSRB,2055,0.0351
USA,SnakeRiverBasin,OilCrop,OilCropSRB,OilCropSRB,2056,0.0351
USA,SnakeRiverBasin,OilCrop,OilCropSRB,OilCropSRB,2057,0.0351
USA,SnakeRiverBasin,OilCrop,OilCropSRB,OilCropSRB,2058,0.0351
USA,SnakeRiverBasin,OilCrop,OilCropSRB,OilCropSRB,2059,0.0351
USA,SnakeRiverBasin,OilCrop,OilCropSRB,OilCropSRB,2060,0.0351
USA,SnakeRiverBasin,OilCrop,OilCropSRB,OilCropSRB,2061,0.0351
USA,SnakeRiverBasin,OilCrop,OilCropSRB,OilCropSRB,2062,0.0351
USA,SnakeRiverBasin,OilCrop,OilCropSRB,OilCropSRB,2063,0.0351
USA,SnakeRiverBasin,OilCrop,OilCropSRB,OilCropSRB,2064,0.0351
USA,SnakeRiverBasin,OilCrop,OilCropSRB,OilCropSRB,2065,0.0351
USA,SnakeRiverBasin,OilCrop,OilCropSRB,OilCropSRB,2066,0.0351
USA,SnakeRiverBasin,OilCrop,OilCropSRB,OilCropSRB,2067,0.0351
USA,SnakeRiverBasin,OilCrop,OilCropSRB,OilCropSRB,2068,0.0351
USA,SnakeRiverBasin,OilCrop,OilCropSRB,OilCropSRB,2069,0.0351
USA,SnakeRiverBasin,OilCrop,OilCropSRB,OilCropSRB,2070,0.0351
USA,SnakeRiverBasin,OilCrop,OilCropSRB,OilCropSRB,2071,0.0351
USA,SnakeRiverBasin,OilCrop,OilCropSRB,OilCropSRB,2072,0.0351
USA,SnakeRiverBasin,OilCrop,OilCropSRB,OilCropSRB,2073,0.0351
USA,SnakeRiverBasin,OilCrop,OilCropSRB,OilCropSRB,2074,0.0351
USA,SnakeRiverBasin,OilCrop,OilCropSRB,OilCropSRB,2075,0.0351
USA,SnakeRiverBasin,OilCrop,OilCropSRB,OilCropSRB,2076,0.0351
USA,SnakeRiverBasin,OilCrop,OilCropSRB,OilCropSRB,2077,0.0351
USA,SnakeRiverBasin,OilCrop,OilCropSRB,OilCropSRB,2078,0.0351
USA,SnakeRiverBasin,OilCrop,OilCropSRB,OilCropSRB,2079,0.0351
USA,SnakeRiverBasin,OilCrop,OilCropSRB,OilCropSRB,2080,0.0351
USA,SnakeRiverBasin,OilCrop,OilCropSRB,OilCropSRB,2081,0.0351
USA,SnakeRiverBasin,OilCrop,OilCropSRB,OilCropSRB,2082,0.0351
USA,SnakeRiverBasin,OilCrop,OilCropSRB,OilCropSRB,2083,0.0351
USA,SnakeRiverBasin,OilCrop,OilCropSRB,OilCropSRB,2084,0.0351
USA,SnakeRiverBasin,OilCrop,OilCropSRB,OilCropSRB,2085,0.0351
USA,SnakeRiverBasin,OilCrop,OilCropSRB,OilCropSRB,2086,0.0351
USA,SnakeRiverBasin,OilCrop,OilCropSRB,OilCropSRB,2087,0.0351
USA,SnakeRiverBasin,OilCrop,OilCropSRB,OilCropSRB,2088,0.0351
USA,SnakeRiverBasin,OilCrop,OilCropSRB,OilCropSRB,2089,0.0351
USA,SnakeRiverBasin,OilCrop,OilCropSRB,OilCropSRB,2090,0.0351
USA,SnakeRiverBasin,OilCrop,OilCropSRB,OilCropSRB,2091,0.0351
USA,SnakeRiverBasin,OilCrop,OilCropSRB,OilCropSRB,2092,0.0351
USA,SnakeRiverBasin,OilCrop,OilCropSRB,OilCropSRB,2093,0.0351
USA,SnakeRiverBasin,OilCrop,OilCropSRB,OilCropSRB,2094,0.0351
USA,SnakeRiverBasin,OilCrop,OilCropSRB,OilCropSRB,2095,0.0351
USA,SnakeRiverBasin,OilCrop,OilCropSRB,OilCropSRB,2096,0.0351
USA,SnakeRiverBasin,OilCrop,OilCropSRB,OilCropSRB,2097,0.0351
USA,SnakeRiverBasin,OilCrop,OilCropSRB,OilCropSRB,2098,0.0351
USA,SnakeRiverBasin,OilCrop,OilCropSRB,OilCropSRB,2099,0.0351
USA,SnakeRiverBasin,OilCrop,OilCropSRB,OilCropSRB,2100,0.0351
USA,SnakeRiverBasin,OtherGrain,OtherGrainSRB,OtherGrainSRB,1975,0.0247
USA,SnakeRiverBasin,OtherGrain,OtherGrainSRB,OtherGrainSRB,1990,0.0247
USA,SnakeRiverBasin,OtherGrain,OtherGrainSRB,OtherGrainSRB,2005,0.0247
USA,SnakeRiverBasin,OtherGrain,OtherGrainSRB,OtherGrainSRB,2010,0.0247
USA,SnakeRiverBasin,OtherGrain,OtherGrainSRB,OtherGrainSRB,2015,0.0247
USA,SnakeRiverBasin,OtherGrain,OtherGrainSRB,OtherGrainSRB,2020,0.0247
USA,SnakeRiverBasin,OtherGrain,OtherGrainSRB,OtherGrainSRB,2021,0.0247
USA,SnakeRiverBasin,OtherGrain,OtherGrainSRB,OtherGrainSRB,2022,0.0247
USA,SnakeRiverBasin,OtherGrain,OtherGrainSRB,OtherGrainSRB,2023,0.0247
USA,SnakeRiverBasin,OtherGrain,OtherGrainSRB,OtherGrainSRB,2024,0.0247
USA,SnakeRiverBasin,OtherGrain,OtherGrainSRB,OtherGrainSRB,2025,0.0247
USA,SnakeRiverBasin,OtherGrain,OtherGrainSRB,OtherGrainSRB,2026,0.0247
USA,SnakeRiverBasin,OtherGrain,OtherGrainSRB,OtherGrainSRB,2027,0.0247
USA,SnakeRiverBasin,OtherGrain,OtherGrainSRB,OtherGrainSRB,2028,0.0247
USA,SnakeRiverBasin,OtherGrain,OtherGrainSRB,OtherGrainSRB,2029,0.0247
USA,SnakeRiverBasin,OtherGrain,OtherGrainSRB,OtherGrainSRB,2030,0.0247
USA,SnakeRiverBasin,OtherGrain,OtherGrainSRB,OtherGrainSRB,2031,0.0247
USA,SnakeRiverBasin,OtherGrain,OtherGrainSRB,OtherGrainSRB,2032,0.0247
USA,SnakeRiverBasin,OtherGrain,OtherGrainSRB,OtherGrainSRB,2033,0.0247
USA,SnakeRiverBasin,OtherGrain,OtherGrainSRB,OtherGrainSRB,2034,0.0247
USA,SnakeRiverBasin,OtherGrain,OtherGrainSRB,OtherGrainSRB,2035,0.0247
USA,SnakeRiverBasin,OtherGrain,OtherGrainSRB,OtherGrainSRB,2036,0.0247
USA,SnakeRiverBasin,OtherGrain,OtherGrainSRB,OtherGrainSRB,2037,0.0247
USA,SnakeRiverBasin,OtherGrain,OtherGrainSRB,OtherGrainSRB,2038,0.0247
USA,SnakeRiverBasin,OtherGrain,OtherGrainSRB,OtherGrainSRB,2039,0.0247
USA,SnakeRiverBasin,OtherGrain,OtherGrainSRB,OtherGrainSRB,2040,0.0247
USA,SnakeRiverBasin,OtherGrain,OtherGrainSRB,OtherGrainSRB,2041,0.0247
USA,SnakeRiverBasin,OtherGrain,OtherGrainSRB,OtherGrainSRB,2042,0.0247
USA,SnakeRiverBasin,OtherGrain,OtherGrainSRB,OtherGrainSRB,2043,0.0247
USA,SnakeRiverBasin,OtherGrain,OtherGrainSRB,OtherGrainSRB,2044,0.0247
USA,SnakeRiverBasin,OtherGrain,OtherGrainSRB,OtherGrainSRB,2045,0.0247
USA,SnakeRiverBasin,OtherGrain,OtherGrainSRB,OtherGrainSRB,2046,0.0247
USA,SnakeRiverBasin,OtherGrain,OtherGrainSRB,OtherGrainSRB,2047,0.0247
USA,SnakeRiverBasin,OtherGrain,OtherGrainSRB,OtherGrainSRB,2048,0.0247
USA,SnakeRiverBasin,OtherGrain,OtherGrainSRB,OtherGrainSRB,2049,0.0247
USA,SnakeRiverBasin,OtherGrain,OtherGrainSRB,OtherGrainSRB,2050,0.0247
USA,SnakeRiverBasin,OtherGrain,OtherGrainSRB,OtherGrainSRB,2051,0.0247
USA,SnakeRiverBasin,OtherGrain,OtherGrainSRB,OtherGrainSRB,2052,0.0247
USA,SnakeRiverBasin,OtherGrain,OtherGrainSRB,OtherGrainSRB,2053,0.0247
USA,SnakeRiverBasin,OtherGrain,OtherGrainSRB,OtherGrainSRB,2054,0.0247
USA,SnakeRiverBasin,OtherGrain,OtherGrainSRB,OtherGrainSRB,2055,0.0247
USA,SnakeRiverBasin,OtherGrain,OtherGrainSRB,OtherGrainSRB,2056,0.0247
USA,SnakeRiverBasin,OtherGrain,OtherGrainSRB,OtherGrainSRB,2057,0.0247
USA,SnakeRiverBasin,OtherGrain,OtherGrainSRB,OtherGrainSRB,2058,0.0247
USA,SnakeRiverBasin,OtherGrain,OtherGrainSRB,OtherGrainSRB,2059,0.0247
USA,SnakeRiverBasin,OtherGrain,OtherGrainSRB,OtherGrainSRB,2060,0.0247
USA,SnakeRiverBasin,OtherGrain,OtherGrainSRB,OtherGrainSRB,2061,0.0247
USA,SnakeRiverBasin,OtherGrain,OtherGrainSRB,OtherGrainSRB,2062,0.0247
USA,SnakeRiverBasin,OtherGrain,OtherGrainSRB,OtherGrainSRB,2063,0.0247
USA,SnakeRiverBasin,OtherGrain,OtherGrainSRB,OtherGrainSRB,2064,0.0247
USA,SnakeRiverBasin,OtherGrain,OtherGrainSRB,OtherGrainSRB,2065,0.0247
USA,SnakeRiverBasin,OtherGrain,OtherGrainSRB,OtherGrainSRB,2066,0.0247
USA,SnakeRiverBasin,OtherGrain,OtherGrainSRB,OtherGrainSRB,2067,0.0247
USA,SnakeRiverBasin,OtherGrain,OtherGrainSRB,OtherGrainSRB,2068,0.0247
USA,SnakeRiverBasin,OtherGrain,OtherGrainSRB,OtherGrainSRB,2069,0.0247
USA,SnakeRiverBasin,OtherGrain,OtherGrainSRB,OtherGrainSRB,2070,0.0247
USA,SnakeRiverBasin,OtherGrain,OtherGrainSRB,OtherGrainSRB,2071,0.0247
USA,SnakeRiverBasin,OtherGrain,OtherGrainSRB,OtherGrainSRB,2072,0.0247
USA,SnakeRiverBasin,OtherGrain,OtherGrainSRB,OtherGrainSRB,2073,0.0247
USA,SnakeRiverBasin,OtherGrain,OtherGrainSRB,OtherGrainSRB,2074,0.0247
USA,SnakeRiverBasin,OtherGrain,OtherGrainSRB,OtherGrainSRB,2075,0.0247
USA,SnakeRiverBasin,OtherGrain,OtherGrainSRB,OtherGrainSRB,2076,0.0247
USA,SnakeRiverBasin,OtherGrain,OtherGrainSRB,OtherGrainSRB,2077,0.0247
USA,SnakeRiverBasin,OtherGrain,OtherGrainSRB,OtherGrainSRB,2078,0.0247
USA,SnakeRiverBasin,OtherGrain,OtherGrainSRB,OtherGrainSRB,2079,0.0247
USA,SnakeRiverBasin,OtherGrain,OtherGrainSRB,OtherGrainSRB,2080,0.0247
USA,SnakeRiverBasin,OtherGrain,OtherGrainSRB,OtherGrainSRB,2081,0.0247
USA,SnakeRiverBasin,OtherGrain,OtherGrainSRB,OtherGrainSRB,2082,0.0247
USA,SnakeRiverBasin,OtherGrain,OtherGrainSRB,OtherGrainSRB,2083,0.0247
USA,SnakeRiverBasin,OtherGrain,OtherGrainSRB,OtherGrainSRB,2084,0.0247
USA,SnakeRiverBasin,OtherGrain,OtherGrainSRB,OtherGrainSRB,2085,0.0247
USA,SnakeRiverBasin,OtherGrain,OtherGrainSRB,OtherGrainSRB,2086,0.0247
USA,SnakeRiverBasin,OtherGrain,OtherGrainSRB,OtherGrainSRB,2087,0.0247
USA,SnakeRiverBasin,OtherGrain,OtherGrainSRB,OtherGrainSRB,2088,0.0247
USA,SnakeRiverBasin,OtherGrain,OtherGrainSRB,OtherGrainSRB,2089,0.0247
USA,SnakeRiverBasin,OtherGrain,OtherGrainSRB,OtherGrainSRB,2090,0.0247
USA,SnakeRiverBasin,OtherGrain,OtherGrainSRB,OtherGrainSRB,2091,0.0247
USA,SnakeRiverBasin,OtherGrain,OtherGrainSRB,OtherGrainSRB,2092,0.0247
USA,SnakeRiverBasin,OtherGrain,OtherGrainSRB,OtherGrainSRB,2093,0.0247
USA,SnakeRiverBasin,OtherGrain,OtherGrainSRB,OtherGrainSRB,2094,0.0247
USA,SnakeRiverBasin,OtherGrain,OtherGrainSRB,OtherGrainSRB,2095,0.0247
USA,SnakeRiverBasin,OtherGrain,OtherGrainSRB,OtherGrainSRB,2096,0.0247
USA,SnakeRiverBasin,OtherGrain,OtherGrainSRB,OtherGrainSRB,2097,0.0247
USA,SnakeRiverBasin,OtherGrain,OtherGrainSRB,OtherGrainSRB,2098,0.0247
USA,SnakeRiverBasin,OtherGrain,OtherGrainSRB,OtherGrainSRB,2099,0.0247
USA,SnakeRiverBasin,OtherGrain,OtherGrainSRB,OtherGrainSRB,2100,0.0247
USA,SnakeRiverBasin,PalmFruit,PalmFruitSRB,PalmFruitSRB,1975,0.0161
USA,SnakeRiverBasin,PalmFruit,PalmFruitSRB,PalmFruitSRB,1990,0.0161
USA,SnakeRiverBasin,PalmFruit,PalmFruitSRB,PalmFruitSRB,2005,0.0161
USA,SnakeRiverBasin,PalmFruit,PalmFruitSRB,PalmFruitSRB,2010,0.0161
USA,SnakeRiverBasin,PalmFruit,PalmFruitSRB,PalmFruitSRB,2015,0.0161
USA,SnakeRiverBasin,PalmFruit,PalmFruitSRB,PalmFruitSRB,2020,0.0161
USA,SnakeRiverBasin,PalmFruit,PalmFruitSRB,PalmFruitSRB,2021,0.0161
USA,SnakeRiverBasin,PalmFruit,PalmFruitSRB,PalmFruitSRB,2022,0.0161
USA,SnakeRiverBasin,PalmFruit,PalmFruitSRB,PalmFruitSRB,2023,0.0161
USA,SnakeRiverBasin,PalmFruit,PalmFruitSRB,PalmFruitSRB,2024,0.0161
USA,SnakeRiverBasin,PalmFruit,PalmFruitSRB,PalmFruitSRB,2025,0.0161
USA,SnakeRiverBasin,PalmFruit,PalmFruitSRB,PalmFruitSRB,2026,0.0161
USA,SnakeRiverBasin,PalmFruit,PalmFruitSRB,PalmFruitSRB,2027,0.0161
USA,SnakeRiverBasin,PalmFruit,PalmFruitSRB,PalmFruitSRB,2028,0.0161
USA,SnakeRiverBasin,PalmFruit,PalmFruitSRB,PalmFruitSRB,2029,0.0161
USA,SnakeRiverBasin,PalmFruit,PalmFruitSRB,PalmFruitSRB,2030,0.0161
USA,SnakeRiverBasin,PalmFruit,PalmFruitSRB,PalmFruitSRB,2031,0.0161
USA,SnakeRiverBasin,PalmFruit,PalmFruitSRB,PalmFruitSRB,2032,0.0161
USA,SnakeRiverBasin,PalmFruit,PalmFruitSRB,PalmFruitSRB,2033,0.0161
USA,SnakeRiverBasin,PalmFruit,PalmFruitSRB,PalmFruitSRB,2034,0.0161
USA,SnakeRiverBasin,PalmFruit,PalmFruitSRB,PalmFruitSRB,2035,0.0161
USA,SnakeRiverBasin,PalmFruit,PalmFruitSRB,PalmFruitSRB,2036,0.0161
USA,SnakeRiverBasin,PalmFruit,PalmFruitSRB,PalmFruitSRB,2037,0.0161
USA,SnakeRiverBasin,PalmFruit,PalmFruitSRB,PalmFruitSRB,2038,0.0161
USA,SnakeRiverBasin,PalmFruit,PalmFruitSRB,PalmFruitSRB,2039,0.0161
USA,SnakeRiverBasin,PalmFruit,PalmFruitSRB,PalmFruitSRB,2040,0.0161
USA,SnakeRiverBasin,PalmFruit,PalmFruitSRB,PalmFruitSRB,2041,0.0161
USA,SnakeRiverBasin,PalmFruit,PalmFruitSRB,PalmFruitSRB,2042,0.0161
USA,SnakeRiverBasin,PalmFruit,PalmFruitSRB,PalmFruitSRB,2043,0.0161
USA,SnakeRiverBasin,PalmFruit,PalmFruitSRB,PalmFruitSRB,2044,0.0161
USA,SnakeRiverBasin,PalmFruit,PalmFruitSRB,PalmFruitSRB,2045,0.0161
USA,SnakeRiverBasin,PalmFruit,PalmFruitSRB,PalmFruitSRB,2046,0.0161
USA,SnakeRiverBasin,PalmFruit,PalmFruitSRB,PalmFruitSRB,2047,0.0161
USA,SnakeRiverBasin,PalmFruit,PalmFruitSRB,PalmFruitSRB,2048,0.0161
USA,SnakeRiverBasin,PalmFruit,PalmFruitSRB,PalmFruitSRB,2049,0.0161
USA,SnakeRiverBasin,PalmFruit,PalmFruitSRB,PalmFruitSRB,2050,0.0161
USA,SnakeRiverBasin,PalmFruit,PalmFruitSRB,PalmFruitSRB,2051,0.0161
USA,SnakeRiverBasin,PalmFruit,PalmFruitSRB,PalmFruitSRB,2052,0.0161
USA,SnakeRiverBasin,PalmFruit,PalmFruitSRB,PalmFruitSRB,2053,0.0161
USA,SnakeRiverBasin,PalmFruit,PalmFruitSRB,PalmFruitSRB,2054,0.0161
USA,SnakeRiverBasin,PalmFruit,PalmFruitSRB,PalmFruitSRB,2055,0.0161
USA,SnakeRiverBasin,PalmFruit,PalmFruitSRB,PalmFruitSRB,2056,0.0161
USA,SnakeRiverBasin,PalmFruit,PalmFruitSRB,PalmFruitSRB,2057,0.0161
USA,SnakeRiverBasin,PalmFruit,PalmFruitSRB,PalmFruitSRB,2058,0.0161
USA,SnakeRiverBasin,PalmFruit,PalmFruitSRB,PalmFruitSRB,2059,0.0161
USA,SnakeRiverBasin,PalmFruit,PalmFruitSRB,PalmFruitSRB,2060,0.0161
USA,SnakeRiverBasin,PalmFruit,PalmFruitSRB,PalmFruitSRB,2061,0.0161
USA,SnakeRiverBasin,PalmFruit,PalmFruitSRB,PalmFruitSRB,2062,0.0161
USA,SnakeRiverBasin,PalmFruit,PalmFruitSRB,PalmFruitSRB,2063,0.0161
USA,SnakeRiverBasin,PalmFruit,PalmFruitSRB,PalmFruitSRB,2064,0.0161
USA,SnakeRiverBasin,PalmFruit,PalmFruitSRB,PalmFruitSRB,2065,0.0161
USA,SnakeRiverBasin,PalmFruit,PalmFruitSRB,PalmFruitSRB,2066,0.0161
USA,SnakeRiverBasin,PalmFruit,PalmFruitSRB,PalmFruitSRB,2067,0.0161
USA,SnakeRiverBasin,PalmFruit,PalmFruitSRB,PalmFruitSRB,2068,0.0161
USA,SnakeRiverBasin,PalmFruit,PalmFruitSRB,PalmFruitSRB,2069,0.0161
USA,SnakeRiverBasin,PalmFruit,PalmFruitSRB,PalmFruitSRB,2070,0.0161
USA,SnakeRiverBasin,PalmFruit,PalmFruitSRB,PalmFruitSRB,2071,0.0161
USA,SnakeRiverBasin,PalmFruit,PalmFruitSRB,PalmFruitSRB,2072,0.0161
USA,SnakeRiverBasin,PalmFruit,PalmFruitSRB,PalmFruitSRB,2073,0.0161
USA,SnakeRiverBasin,PalmFruit,PalmFruitSRB,PalmFruitSRB,2074,0.0161
USA,SnakeRiverBasin,PalmFruit,PalmFruitSRB,PalmFruitSRB,2075,0.0161
USA,SnakeRiverBasin,PalmFruit,PalmFruitSRB,PalmFruitSRB,2076,0.0161
USA,SnakeRiverBasin,PalmFruit,PalmFruitSRB,PalmFruitSRB,2077,0.0161
USA,SnakeRiverBasin,PalmFruit,PalmFruitSRB,PalmFruitSRB,2078,0.0161
USA,SnakeRiverBasin,PalmFruit,PalmFruitSRB,PalmFruitSRB,2079,0.0161
USA,SnakeRiverBasin,PalmFruit,PalmFruitSRB,PalmFruitSRB,2080,0.0161
USA,SnakeRiverBasin,PalmFruit,PalmFruitSRB,PalmFruitSRB,2081,0.0161
USA,SnakeRiverBasin,PalmFruit,PalmFruitSRB,PalmFruitSRB,2082,0.0161
USA,SnakeRiverBasin,PalmFruit,PalmFruitSRB,PalmFruitSRB,2083,0.0161
USA,SnakeRiverBasin,PalmFruit,PalmFruitSRB,PalmFruitSRB,2084,0.0161
USA,SnakeRiverBasin,PalmFruit,PalmFruitSRB,PalmFruitSRB,2085,0.0161
USA,SnakeRiverBasin,PalmFruit,PalmFruitSRB,PalmFruitSRB,2086,0.0161
USA,SnakeRiverBasin,PalmFruit,PalmFruitSRB,PalmFruitSRB,2087,0.0161
USA,SnakeRiverBasin,PalmFruit,PalmFruitSRB,PalmFruitSRB,2088,0.0161
USA,SnakeRiverBasin,PalmFruit,PalmFruitSRB,PalmFruitSRB,2089,0.0161
USA,SnakeRiverBasin,PalmFruit,PalmFruitSRB,PalmFruitSRB,2090,0.0161
USA,SnakeRiverBasin,PalmFruit,PalmFruitSRB,PalmFruitSRB,2091,0.0161
USA,SnakeRiverBasin,PalmFruit,PalmFruitSRB,PalmFruitSRB,2092,0.0161
USA,SnakeRiverBasin,PalmFruit,PalmFruitSRB,PalmFruitSRB,2093,0.0161
USA,SnakeRiverBasin,PalmFruit,PalmFruitSRB,PalmFruitSRB,2094,0.0161
USA,SnakeRiverBasin,PalmFruit,PalmFruitSRB,PalmFruitSRB,2095,0.0161
USA,SnakeRiverBasin,PalmFruit,PalmFruitSRB,PalmFruitSRB,2096,0.0161
USA,SnakeRiverBasin,PalmFruit,PalmFruitSRB,PalmFruitSRB,2097,0.0161
USA,SnakeRiverBasin,PalmFruit,PalmFruitSRB,PalmFruitSRB,2098,0.0161
USA,SnakeRiverBasin,PalmFruit,PalmFruitSRB,PalmFruitSRB,2099,0.0161
USA,SnakeRiverBasin,PalmFruit,PalmFruitSRB,PalmFruitSRB,2100,0.0161
USA,SnakeRiverBasin,Rice,RiceSRB,RiceSRB,1975,0.0388
USA,SnakeRiverBasin,Rice,RiceSRB,RiceSRB,1990,0.0388
USA,SnakeRiverBasin,Rice,RiceSRB,RiceSRB,2005,0.0388
USA,SnakeRiverBasin,Rice,RiceSRB,RiceSRB,2010,0.0388
USA,SnakeRiverBasin,Rice,RiceSRB,RiceSRB,2015,0.0388
USA,SnakeRiverBasin,Rice,RiceSRB,RiceSRB,2020,0.0388
USA,SnakeRiverBasin,Rice,RiceSRB,RiceSRB,2021,0.0388
USA,SnakeRiverBasin,Rice,RiceSRB,RiceSRB,2022,0.0388
USA,SnakeRiverBasin,Rice,RiceSRB,RiceSRB,2023,0.0388
USA,SnakeRiverBasin,Rice,RiceSRB,RiceSRB,2024,0.0388
USA,SnakeRiverBasin,Rice,RiceSRB,RiceSRB,2025,0.0388
USA,SnakeRiverBasin,Rice,RiceSRB,RiceSRB,2026,0.0388
USA,SnakeRiverBasin,Rice,RiceSRB,RiceSRB,2027,0.0388
USA,SnakeRiverBasin,Rice,RiceSRB,RiceSRB,2028,0.0388
USA,SnakeRiverBasin,Rice,RiceSRB,RiceSRB,2029,0.0388
USA,SnakeRiverBasin,Rice,RiceSRB,RiceSRB,2030,0.0388
USA,SnakeRiverBasin,Rice,RiceSRB,RiceSRB,2031,0.0388
USA,SnakeRiverBasin,Rice,RiceSRB,RiceSRB,2032,0.0388
USA,SnakeRiverBasin,Rice,RiceSRB,RiceSRB,2033,0.0388
USA,SnakeRiverBasin,Rice,RiceSRB,RiceSRB,2034,0.0388
USA,SnakeRiverBasin,Rice,RiceSRB,RiceSRB,2035,0.0388
USA,SnakeRiverBasin,Rice,RiceSRB,RiceSRB,2036,0.0388
USA,SnakeRiverBasin,Rice,RiceSRB,RiceSRB,2037,0.0388
USA,SnakeRiverBasin,Rice,RiceSRB,RiceSRB,2038,0.0388
USA,SnakeRiverBasin,Rice,RiceSRB,RiceSRB,2039,0.0388
USA,SnakeRiverBasin,Rice,RiceSRB,RiceSRB,2040,0.0388
USA,SnakeRiverBasin,Rice,RiceSRB,RiceSRB,2041,0.0388
USA,SnakeRiverBasin,Rice,RiceSRB,RiceSRB,2042,0.0388
USA,SnakeRiverBasin,Rice,RiceSRB,RiceSRB,2043,0.0388
USA,SnakeRiverBasin,Rice,RiceSRB,RiceSRB,2044,0.0388
USA,SnakeRiverBasin,Rice,RiceSRB,RiceSRB,2045,0.0388
USA,SnakeRiverBasin,Rice,RiceSRB,RiceSRB,2046,0.0388
USA,SnakeRiverBasin,Rice,RiceSRB,RiceSRB,2047,0.0388
USA,SnakeRiverBasin,Rice,RiceSRB,RiceSRB,2048,0.0388
USA,SnakeRiverBasin,Rice,RiceSRB,RiceSRB,2049,0.0388
USA,SnakeRiverBasin,Rice,RiceSRB,RiceSRB,2050,0.0388
USA,SnakeRiverBasin,Rice,RiceSRB,RiceSRB,2051,0.0388
USA,SnakeRiverBasin,Rice,RiceSRB,RiceSRB,2052,0.0388
USA,SnakeRiverBasin,Rice,RiceSRB,RiceSRB,2053,0.0388
USA,SnakeRiverBasin,Rice,RiceSRB,RiceSRB,2054,0.0388
USA,SnakeRiverBasin,Rice,RiceSRB,RiceSRB,2055,0.0388
USA,SnakeRiverBasin,Rice,RiceSRB,RiceSRB,2056,0.0388
USA,SnakeRiverBasin,Rice,RiceSRB,RiceSRB,2057,0.0388
USA,SnakeRiverBasin,Rice,RiceSRB,RiceSRB,2058,0.0388
USA,SnakeRiverBasin,Rice,RiceSRB,RiceSRB,2059,0.0388
USA,SnakeRiverBasin,Rice,RiceSRB,RiceSRB,2060,0.0388
USA,SnakeRiverBasin,Rice,RiceSRB,RiceSRB,2061,0.0388
USA,SnakeRiverBasin,Rice,RiceSRB,RiceSRB,2062,0.0388
USA,SnakeRiverBasin,Rice,RiceSRB,RiceSRB,2063,0.0388
USA,SnakeRiverBasin,Rice,RiceSRB,RiceSRB,2064,0.0388
USA,SnakeRiverBasin,Rice,RiceSRB,RiceSRB,2065,0.0388
USA,SnakeRiverBasin,Rice,RiceSRB,RiceSRB,2066,0.0388
USA,SnakeRiverBasin,Rice,RiceSRB,RiceSRB,2067,0.0388
USA,SnakeRiverBasin,Rice,RiceSRB,RiceSRB,2068,0.0388
USA,SnakeRiverBasin,Rice,RiceSRB,RiceSRB,2069,0.0388
USA,SnakeRiverBasin,Rice,RiceSRB,RiceSRB,2070,0.0388
USA,SnakeRiverBasin,Rice,RiceSRB,RiceSRB,2071,0.0388
USA,SnakeRiverBasin,Rice,RiceSRB,RiceSRB,2072,0.0388
USA,SnakeRiverBasin,Rice,RiceSRB,RiceSRB,2073,0.0388
USA,SnakeRiverBasin,Rice,RiceSRB,RiceSRB,2074,0.0388
USA,SnakeRiverBasin,Rice,RiceSRB,RiceSRB,2075,0.0388
USA,SnakeRiverBasin,Rice,RiceSRB,RiceSRB,2076,0.0388
USA,SnakeRiverBasin,Rice,RiceSRB,RiceSRB,2077,0.0388
USA,SnakeRiverBasin,Rice,RiceSRB,RiceSRB,2078,0.0388
USA,SnakeRiverBasin,Rice,RiceSRB,RiceSRB,2079,0.0388
USA,SnakeRiverBasin,Rice,RiceSRB,RiceSRB,2080,0.0388
USA,SnakeRiverBasin,Rice,RiceSRB,RiceSRB,2081,0.0388
USA,SnakeRiverBasin,Rice,RiceSRB,RiceSRB,2082,0.0388
USA,SnakeRiverBasin,Rice,RiceSRB,RiceSRB,2083,0.0388
USA,SnakeRiverBasin,Rice,RiceSRB,RiceSRB,2084,0.0388
USA,SnakeRiverBasin,Rice,RiceSRB,RiceSRB,2085,0.0388
USA,SnakeRiverBasin,Rice,RiceSRB,RiceSRB,2086,0.0388
USA,SnakeRiverBasin,Rice,RiceSRB,RiceSRB,2087,0.0388
USA,SnakeRiverBasin,Rice,RiceSRB,RiceSRB,2088,0.0388
USA,SnakeRiverBasin,Rice,RiceSRB,RiceSRB,2089,0.0388
USA,SnakeRiverBasin,Rice,RiceSRB,RiceSRB,2090,0.0388
USA,SnakeRiverBasin,Rice,RiceSRB,RiceSRB,2091,0.0388
USA,SnakeRiverBasin,Rice,RiceSRB,RiceSRB,2092,0.0388
USA,SnakeRiverBasin,Rice,RiceSRB,RiceSRB,2093,0.0388
USA,SnakeRiverBasin,Rice,RiceSRB,RiceSRB,2094,0.0388
USA,SnakeRiverBasin,Rice,RiceSRB,RiceSRB,2095,0.0388
USA,SnakeRiverBasin,Rice,RiceSRB,RiceSRB,2096,0.0388
USA,SnakeRiverBasin,Rice,RiceSRB,RiceSRB,2097,0.0388
USA,SnakeRiverBasin,Rice,RiceSRB,RiceSRB,2098,0.0388
USA,SnakeRiverBasin,Rice,RiceSRB,RiceSRB,2099,0.0388
USA,SnakeRiverBasin,Rice,RiceSRB,RiceSRB,2100,0.0388
USA,SnakeRiverBasin,Root_Tuber,Root_TuberSRB,Root_TuberSRB,1975,0.0249
USA,SnakeRiverBasin,Root_Tuber,Root_TuberSRB,Root_TuberSRB,1990,0.0249
USA,SnakeRiverBasin,Root_Tuber,Root_TuberSRB,Root_TuberSRB,2005,0.0249
USA,SnakeRiverBasin,Root_Tuber,Root_TuberSRB,Root_TuberSRB,2010,0.0249
USA,SnakeRiverBasin,Root_Tuber,Root_TuberSRB,Root_TuberSRB,2015,0.0249
USA,SnakeRiverBasin,Root_Tuber,Root_TuberSRB,Root_TuberSRB,2020,0.0249
USA,SnakeRiverBasin,Root_Tuber,Root_TuberSRB,Root_TuberSRB,2021,0.0249
USA,SnakeRiverBasin,Root_Tuber,Root_TuberSRB,Root_TuberSRB,2022,0.0249
USA,SnakeRiverBasin,Root_Tuber,Root_TuberSRB,Root_TuberSRB,2023,0.0249
USA,SnakeRiverBasin,Root_Tuber,Root_TuberSRB,Root_TuberSRB,2024,0.0249
USA,SnakeRiverBasin,Root_Tuber,Root_TuberSRB,Root_TuberSRB,2025,0.0249
USA,SnakeRiverBasin,Root_Tuber,Root_TuberSRB,Root_TuberSRB,2026,0.0249
USA,SnakeRiverBasin,Root_Tuber,Root_TuberSRB,Root_TuberSRB,2027,0.0249
USA,SnakeRiverBasin,Root_Tuber,Root_TuberSRB,Root_TuberSRB,2028,0.0249
USA,SnakeRiverBasin,Root_Tuber,Root_TuberSRB,Root_TuberSRB,2029,0.0249
USA,SnakeRiverBasin,Root_Tuber,Root_TuberSRB,Root_TuberSRB,2030,0.0249
USA,SnakeRiverBasin,Root_Tuber,Root_TuberSRB,Root_TuberSRB,2031,0.0249
USA,SnakeRiverBasin,Root_Tuber,Root_TuberSRB,Root_TuberSRB,2032,0.0249
USA,SnakeRiverBasin,Root_Tuber,Root_TuberSRB,Root_TuberSRB,2033,0.0249
USA,SnakeRiverBasin,Root_Tuber,Root_TuberSRB,Root_TuberSRB,2034,0.0249
USA,SnakeRiverBasin,Root_Tuber,Root_TuberSRB,Root_TuberSRB,2035,0.0249
USA,SnakeRiverBasin,Root_Tuber,Root_TuberSRB,Root_TuberSRB,2036,0.0249
USA,SnakeRiverBasin,Root_Tuber,Root_TuberSRB,Root_TuberSRB,2037,0.0249
USA,SnakeRiverBasin,Root_Tuber,Root_TuberSRB,Root_TuberSRB,2038,0.0249
USA,SnakeRiverBasin,Root_Tuber,Root_TuberSRB,Root_TuberSRB,2039,0.0249
USA,SnakeRiverBasin,Root_Tuber,Root_TuberSRB,Root_TuberSRB,2040,0.0249
USA,SnakeRiverBasin,Root_Tuber,Root_TuberSRB,Root_TuberSRB,2041,0.0249
USA,SnakeRiverBasin,Root_Tuber,Root_TuberSRB,Root_TuberSRB,2042,0.0249
USA,SnakeRiverBasin,Root_Tuber,Root_TuberSRB,Root_TuberSRB,2043,0.0249
USA,SnakeRiverBasin,Root_Tuber,Root_TuberSRB,Root_TuberSRB,2044,0.0249
USA,SnakeRiverBasin,Root_Tuber,Root_TuberSRB,Root_TuberSRB,2045,0.0249
USA,SnakeRiverBasin,Root_Tuber,Root_TuberSRB,Root_TuberSRB,2046,0.0249
USA,SnakeRiverBasin,Root_Tuber,Root_TuberSRB,Root_TuberSRB,2047,0.0249
USA,SnakeRiverBasin,Root_Tuber,Root_TuberSRB,Root_TuberSRB,2048,0.0249
USA,SnakeRiverBasin,Root_Tuber,Root_TuberSRB,Root_TuberSRB,2049,0.0249
USA,SnakeRiverBasin,Root_Tuber,Root_TuberSRB,Root_TuberSRB,2050,0.0249
USA,SnakeRiverBasin,Root_Tuber,Root_TuberSRB,Root_TuberSRB,2051,0.0249
USA,SnakeRiverBasin,Root_Tuber,Root_TuberSRB,Root_TuberSRB,2052,0.0249
USA,SnakeRiverBasin,Root_Tuber,Root_TuberSRB,Root_TuberSRB,2053,0.0249
USA,SnakeRiverBasin,Root_Tuber,Root_TuberSRB,Root_TuberSRB,2054,0.0249
USA,SnakeRiverBasin,Root_Tuber,Root_TuberSRB,Root_TuberSRB,2055,0.0249
USA,SnakeRiverBasin,Root_Tuber,Root_TuberSRB,Root_TuberSRB,2056,0.0249
USA,SnakeRiverBasin,Root_Tuber,Root_TuberSRB,Root_TuberSRB,2057,0.0249
USA,SnakeRiverBasin,Root_Tuber,Root_TuberSRB,Root_TuberSRB,2058,0.0249
USA,SnakeRiverBasin,Root_Tuber,Root_TuberSRB,Root_TuberSRB,2059,0.0249
USA,SnakeRiverBasin,Root_Tuber,Root_TuberSRB,Root_TuberSRB,2060,0.0249
USA,SnakeRiverBasin,Root_Tuber,Root_TuberSRB,Root_TuberSRB,2061,0.0249
USA,SnakeRiverBasin,Root_Tuber,Root_TuberSRB,Root_TuberSRB,2062,0.0249
USA,SnakeRiverBasin,Root_Tuber,Root_TuberSRB,Root_TuberSRB,2063,0.0249
USA,SnakeRiverBasin,Root_Tuber,Root_TuberSRB,Root_TuberSRB,2064,0.0249
USA,SnakeRiverBasin,Root_Tuber,Root_TuberSRB,Root_TuberSRB,2065,0.0249
USA,SnakeRiverBasin,Root_Tuber,Root_TuberSRB,Root_TuberSRB,2066,0.0249
USA,SnakeRiverBasin,Root_Tuber,Root_TuberSRB,Root_TuberSRB,2067,0.0249
USA,SnakeRiverBasin,Root_Tuber,Root_TuberSRB,Root_TuberSRB,2068,0.0249
USA,SnakeRiverBasin,Root_Tuber,Root_TuberSRB,Root_TuberSRB,2069,0.0249
USA,SnakeRiverBasin,Root_Tuber,Root_TuberSRB,Root_TuberSRB,2070,0.0249
USA,SnakeRiverBasin,Root_Tuber,Root_TuberSRB,Root_TuberSRB,2071,0.0249
USA,SnakeRiverBasin,Root_Tuber,Root_TuberSRB,Root_TuberSRB,2072,0.0249
USA,SnakeRiverBasin,Root_Tuber,Root_TuberSRB,Root_TuberSRB,2073,0.0249
USA,SnakeRiverBasin,Root_Tuber,Root_TuberSRB,Root_TuberSRB,2074,0.0249
USA,SnakeRiverBasin,Root_Tuber,Root_TuberSRB,Root_TuberSRB,2075,0.0249
USA,SnakeRiverBasin,Root_Tuber,Root_TuberSRB,Root_TuberSRB,2076,0.0249
USA,SnakeRiverBasin,Root_Tuber,Root_TuberSRB,Root_TuberSRB,2077,0.0249
USA,SnakeRiverBasin,Root_Tuber,Root_TuberSRB,Root_TuberSRB,2078,0.0249
USA,SnakeRiverBasin,Root_Tuber,Root_TuberSRB,Root_TuberSRB,2079,0.0249
USA,SnakeRiverBasin,Root_Tuber,Root_TuberSRB,Root_TuberSRB,2080,0.0249
USA,SnakeRiverBasin,Root_Tuber,Root_TuberSRB,Root_TuberSRB,2081,0.0249
USA,SnakeRiverBasin,Root_Tuber,Root_TuberSRB,Root_TuberSRB,2082,0.0249
USA,SnakeRiverBasin,Root_Tuber,Root_TuberSRB,Root_TuberSRB,2083,0.0249
USA,SnakeRiverBasin,Root_Tuber,Root_TuberSRB,Root_TuberSRB,2084,0.0249
USA,SnakeRiverBasin,Root_Tuber,Root_TuberSRB,Root_TuberSRB,2085,0.0249
USA,SnakeRiverBasin,Root_Tuber,Root_TuberSRB,Root_TuberSRB,2086,0.0249
USA,SnakeRiverBasin,Root_Tuber,Root_TuberSRB,Root_TuberSRB,2087,0.0249
USA,SnakeRiverBasin,Root_Tuber,Root_TuberSRB,Root_TuberSRB,2088,0.0249
USA,SnakeRiverBasin,Root_Tuber,Root_TuberSRB,Root_TuberSRB,2089,0.0249
USA,SnakeRiverBasin,Root_Tuber,Root_TuberSRB,Root_TuberSRB,2090,0.0249
USA,SnakeRiverBasin,Root_Tuber,Root_TuberSRB,Root_TuberSRB,2091,0.0249
USA,SnakeRiverBasin,Root_Tuber,Root_TuberSRB,Root_TuberSRB,2092,0.0249
USA,SnakeRiverBasin,Root_Tuber,Root_TuberSRB,Root_TuberSRB,2093,0.0249
USA,SnakeRiverBasin,Root_Tuber,Root_TuberSRB,Root_TuberSRB,2094,0.0249
USA,SnakeRiverBasin,Root_Tuber,Root_TuberSRB,Root_TuberSRB,2095,0.0249
USA,SnakeRiverBasin,Root_Tuber,Root_TuberSRB,Root_TuberSRB,2096,0.0249
USA,SnakeRiverBasin,Root_Tuber,Root_TuberSRB,Root_TuberSRB,2097,0.0249
USA,SnakeRiverBasin,Root_Tuber,Root_TuberSRB,Root_TuberSRB,2098,0.0249
USA,SnakeRiverBasin,Root_Tuber,Root_TuberSRB,Root_TuberSRB,2099,0.0249
USA,SnakeRiverBasin,Root_Tuber,Root_TuberSRB,Root_TuberSRB,2100,0.0249
USA,SnakeRiverBasin,SugarCrop,SugarCropSRB,SugarCropSRB,1975,0.0058
USA,SnakeRiverBasin,SugarCrop,SugarCropSRB,SugarCropSRB,1990,0.0058
USA,SnakeRiverBasin,SugarCrop,SugarCropSRB,SugarCropSRB,2005,0.0058
USA,SnakeRiverBasin,SugarCrop,SugarCropSRB,SugarCropSRB,2010,0.0058
USA,SnakeRiverBasin,SugarCrop,SugarCropSRB,SugarCropSRB,2015,0.0058
USA,SnakeRiverBasin,SugarCrop,SugarCropSRB,SugarCropSRB,2020,0.0058
USA,SnakeRiverBasin,SugarCrop,SugarCropSRB,SugarCropSRB,2021,0.0058
USA,SnakeRiverBasin,SugarCrop,SugarCropSRB,SugarCropSRB,2022,0.0058
USA,SnakeRiverBasin,SugarCrop,SugarCropSRB,SugarCropSRB,2023,0.0058
USA,SnakeRiverBasin,SugarCrop,SugarCropSRB,SugarCropSRB,2024,0.0058
USA,SnakeRiverBasin,SugarCrop,SugarCropSRB,SugarCropSRB,2025,0.0058
USA,SnakeRiverBasin,SugarCrop,SugarCropSRB,SugarCropSRB,2026,0.0058
USA,SnakeRiverBasin,SugarCrop,SugarCropSRB,SugarCropSRB,2027,0.0058
USA,SnakeRiverBasin,SugarCrop,SugarCropSRB,SugarCropSRB,2028,0.0058
USA,SnakeRiverBasin,SugarCrop,SugarCropSRB,SugarCropSRB,2029,0.0058
USA,SnakeRiverBasin,SugarCrop,SugarCropSRB,SugarCropSRB,2030,0.0058
USA,SnakeRiverBasin,SugarCrop,SugarCropSRB,SugarCropSRB,2031,0.0058
USA,SnakeRiverBasin,SugarCrop,SugarCropSRB,SugarCropSRB,2032,0.0058
USA,SnakeRiverBasin,SugarCrop,SugarCropSRB,SugarCropSRB,2033,0.0058
USA,SnakeRiverBasin,SugarCrop,SugarCropSRB,SugarCropSRB,2034,0.0058
USA,SnakeRiverBasin,SugarCrop,SugarCropSRB,SugarCropSRB,2035,0.0058
USA,SnakeRiverBasin,SugarCrop,SugarCropSRB,SugarCropSRB,2036,0.0058
USA,SnakeRiverBasin,SugarCrop,SugarCropSRB,SugarCropSRB,2037,0.0058
USA,SnakeRiverBasin,SugarCrop,SugarCropSRB,SugarCropSRB,2038,0.0058
USA,SnakeRiverBasin,SugarCrop,SugarCropSRB,SugarCropSRB,2039,0.0058
USA,SnakeRiverBasin,SugarCrop,SugarCropSRB,SugarCropSRB,2040,0.0058
USA,SnakeRiverBasin,SugarCrop,SugarCropSRB,SugarCropSRB,2041,0.0058
USA,SnakeRiverBasin,SugarCrop,SugarCropSRB,SugarCropSRB,2042,0.0058
USA,SnakeRiverBasin,SugarCrop,SugarCropSRB,SugarCropSRB,2043,0.0058
USA,SnakeRiverBasin,SugarCrop,SugarCropSRB,SugarCropSRB,2044,0.0058
USA,SnakeRiverBasin,SugarCrop,SugarCropSRB,SugarCropSRB,2045,0.0058
USA,SnakeRiverBasin,SugarCrop,SugarCropSRB,SugarCropSRB,2046,0.0058
USA,SnakeRiverBasin,SugarCrop,SugarCropSRB,SugarCropSRB,2047,0.0058
USA,SnakeRiverBasin,SugarCrop,SugarCropSRB,SugarCropSRB,2048,0.0058
USA,SnakeRiverBasin,SugarCrop,SugarCropSRB,SugarCropSRB,2049,0.0058
USA,SnakeRiverBasin,SugarCrop,SugarCropSRB,SugarCropSRB,2050,0.0058
USA,SnakeRiverBasin,SugarCrop,SugarCropSRB,SugarCropSRB,2051,0.0058
USA,SnakeRiverBasin,SugarCrop,SugarCropSRB,SugarCropSRB,2052,0.0058
USA,SnakeRiverBasin,SugarCrop,SugarCropSRB,SugarCropSRB,2053,0.0058
USA,SnakeRiverBasin,SugarCrop,SugarCropSRB,SugarCropSRB,2054,0.0058
USA,SnakeRiverBasin,SugarCrop,SugarCropSRB,SugarCropSRB,2055,0.0058
USA,SnakeRiverBasin,SugarCrop,SugarCropSRB,SugarCropSRB,2056,0.0058
USA,SnakeRiverBasin,SugarCrop,SugarCropSRB,SugarCropSRB,2057,0.0058
USA,SnakeRiverBasin,SugarCrop,SugarCropSRB,SugarCropSRB,2058,0.0058
USA,SnakeRiverBasin,SugarCrop,SugarCropSRB,SugarCropSRB,2059,0.0058
USA,SnakeRiverBasin,SugarCrop,SugarCropSRB,SugarCropSRB,2060,0.0058
USA,SnakeRiverBasin,SugarCrop,SugarCropSRB,SugarCropSRB,2061,0.0058
USA,SnakeRiverBasin,SugarCrop,SugarCropSRB,SugarCropSRB,2062,0.0058
USA,SnakeRiverBasin,SugarCrop,SugarCropSRB,SugarCropSRB,2063,0.0058
USA,SnakeRiverBasin,SugarCrop,SugarCropSRB,SugarCropSRB,2064,0.0058
USA,SnakeRiverBasin,SugarCrop,SugarCropSRB,SugarCropSRB,2065,0.0058
USA,SnakeRiverBasin,SugarCrop,SugarCropSRB,SugarCropSRB,2066,0.0058
USA,SnakeRiverBasin,SugarCrop,SugarCropSRB,SugarCropSRB,2067,0.0058
USA,SnakeRiverBasin,SugarCrop,SugarCropSRB,SugarCropSRB,2068,0.0058
USA,SnakeRiverBasin,SugarCrop,SugarCropSRB,SugarCropSRB,2069,0.0058
USA,SnakeRiverBasin,SugarCrop,SugarCropSRB,SugarCropSRB,2070,0.0058
USA,SnakeRiverBasin,SugarCrop,SugarCropSRB,SugarCropSRB,2071,0.0058
USA,SnakeRiverBasin,SugarCrop,SugarCropSRB,SugarCropSRB,2072,0.0058
USA,SnakeRiverBasin,SugarCrop,SugarCropSRB,SugarCropSRB,2073,0.0058
USA,SnakeRiverBasin,SugarCrop,SugarCropSRB,SugarCropSRB,2074,0.0058
USA,SnakeRiverBasin,SugarCrop,SugarCropSRB,SugarCropSRB,2075,0.0058
USA,SnakeRiverBasin,SugarCrop,SugarCropSRB,SugarCropSRB,2076,0.0058
USA,SnakeRiverBasin,SugarCrop,SugarCropSRB,SugarCropSRB,2077,0.0058
USA,SnakeRiverBasin,SugarCrop,SugarCropSRB,SugarCropSRB,2078,0.0058
USA,SnakeRiverBasin,SugarCrop,SugarCropSRB,SugarCropSRB,2079,0.0058
USA,SnakeRiverBasin,SugarCrop,SugarCropSRB,SugarCropSRB,2080,0.0058
USA,SnakeRiverBasin,SugarCrop,SugarCropSRB,SugarCropSRB,2081,0.0058
USA,SnakeRiverBasin,SugarCrop,SugarCropSRB,SugarCropSRB,2082,0.0058
USA,SnakeRiverBasin,SugarCrop,SugarCropSRB,SugarCropSRB,2083,0.0058
USA,SnakeRiverBasin,SugarCrop,SugarCropSRB,SugarCropSRB,2084,0.0058
USA,SnakeRiverBasin,SugarCrop,SugarCropSRB,SugarCropSRB,2085,0.0058
USA,SnakeRiverBasin,SugarCrop,SugarCropSRB,SugarCropSRB,2086,0.0058
USA,SnakeRiverBasin,SugarCrop,SugarCropSRB,SugarCropSRB,2087,0.0058
USA,SnakeRiverBasin,SugarCrop,SugarCropSRB,SugarCropSRB,2088,0.0058
USA,SnakeRiverBasin,SugarCrop,SugarCropSRB,SugarCropSRB,2089,0.0058
USA,SnakeRiverBasin,SugarCrop,SugarCropSRB,SugarCropSRB,2090,0.0058
USA,SnakeRiverBasin,SugarCrop,SugarCropSRB,SugarCropSRB,2091,0.0058
USA,SnakeRiverBasin,SugarCrop,SugarCropSRB,SugarCropSRB,2092,0.0058
USA,SnakeRiverBasin,SugarCrop,SugarCropSRB,SugarCropSRB,2093,0.0058
USA,SnakeRiverBasin,SugarCrop,SugarCropSRB,SugarCropSRB,2094,0.0058
USA,SnakeRiverBasin,SugarCrop,SugarCropSRB,SugarCropSRB,2095,0.0058
USA,SnakeRiverBasin,SugarCrop,SugarCropSRB,SugarCropSRB,2096,0.0058
USA,SnakeRiverBasin,SugarCrop,SugarCropSRB,SugarCropSRB,2097,0.0058
USA,SnakeRiverBasin,SugarCrop,SugarCropSRB,SugarCropSRB,2098,0.0058
USA,SnakeRiverBasin,SugarCrop,SugarCropSRB,SugarCropSRB,2099,0.0058
USA,SnakeRiverBasin,SugarCrop,SugarCropSRB,SugarCropSRB,2100,0.0058
USA,SnakeRiverBasin,Wheat,WheatSRB,WheatSRB,1975,0.026
USA,SnakeRiverBasin,Wheat,WheatSRB,WheatSRB,1990,0.026
USA,SnakeRiverBasin,Wheat,WheatSRB,WheatSRB,2005,0.026
USA,SnakeRiverBasin,Wheat,WheatSRB,WheatSRB,2010,0.026
USA,SnakeRiverBasin,Wheat,WheatSRB,WheatSRB,2015,0.026
USA,SnakeRiverBasin,Wheat,WheatSRB,WheatSRB,2020,0.026
USA,SnakeRiverBasin,Wheat,WheatSRB,WheatSRB,2021,0.026
USA,SnakeRiverBasin,Wheat,WheatSRB,WheatSRB,2022,0.026
USA,SnakeRiverBasin,Wheat,WheatSRB,WheatSRB,2023,0.026
USA,SnakeRiverBasin,Wheat,WheatSRB,WheatSRB,2024,0.026
USA,SnakeRiverBasin,Wheat,WheatSRB,WheatSRB,2025,0.026
USA,SnakeRiverBasin,Wheat,WheatSRB,WheatSRB,2026,0.026
USA,SnakeRiverBasin,Wheat,WheatSRB,WheatSRB,2027,0.026
USA,SnakeRiverBasin,Wheat,WheatSRB,WheatSRB,2028,0.026
USA,SnakeRiverBasin,Wheat,WheatSRB,WheatSRB,2029,0.026
USA,SnakeRiverBasin,Wheat,WheatSRB,WheatSRB,2030,0.026
USA,SnakeRiverBasin,Wheat,WheatSRB,WheatSRB,2031,0.026
USA,SnakeRiverBasin,Wheat,WheatSRB,WheatSRB,2032,0.026
USA,SnakeRiverBasin,Wheat,WheatSRB,WheatSRB,2033,0.026
USA,SnakeRiverBasin,Wheat,WheatSRB,WheatSRB,2034,0.026
USA,SnakeRiverBasin,Wheat,WheatSRB,WheatSRB,2035,0.026
USA,SnakeRiverBasin,Wheat,WheatSRB,WheatSRB,2036,0.026
USA,SnakeRiverBasin,Wheat,WheatSRB,WheatSRB,2037,0.026
USA,SnakeRiverBasin,Wheat,WheatSRB,WheatSRB,2038,0.026
USA,SnakeRiverBasin,Wheat,WheatSRB,WheatSRB,2039,0.026
USA,SnakeRiverBasin,Wheat,WheatSRB,WheatSRB,2040,0.026
USA,SnakeRiverBasin,Wheat,WheatSRB,WheatSRB,2041,0.026
USA,SnakeRiverBasin,Wheat,WheatSRB,WheatSRB,2042,0.026
USA,SnakeRiverBasin,Wheat,WheatSRB,WheatSRB,2043,0.026
USA,SnakeRiverBasin,Wheat,WheatSRB,WheatSRB,2044,0.026
USA,SnakeRiverBasin,Wheat,WheatSRB,WheatSRB,2045,0.026
USA,SnakeRiverBasin,Wheat,WheatSRB,WheatSRB,2046,0.026
USA,SnakeRiverBasin,Wheat,WheatSRB,WheatSRB,2047,0.026
USA,SnakeRiverBasin,Wheat,WheatSRB,WheatSRB,2048,0.026
USA,SnakeRiverBasin,Wheat,WheatSRB,WheatSRB,2049,0.026
USA,SnakeRiverBasin,Wheat,WheatSRB,WheatSRB,2050,0.026
USA,SnakeRiverBasin,Wheat,WheatSRB,WheatSRB,2051,0.026
USA,SnakeRiverBasin,Wheat,WheatSRB,WheatSRB,2052,0.026
USA,SnakeRiverBasin,Wheat,WheatSRB,WheatSRB,2053,0.026
USA,SnakeRiverBasin,Wheat,WheatSRB,WheatSRB,2054,0.026
USA,SnakeRiverBasin,Wheat,WheatSRB,WheatSRB,2055,0.026
USA,SnakeRiverBasin,Wheat,WheatSRB,WheatSRB,2056,0.026
USA,SnakeRiverBasin,Wheat,WheatSRB,WheatSRB,2057,0.026
USA,SnakeRiverBasin,Wheat,WheatSRB,WheatSRB,2058,0.026
USA,SnakeRiverBasin,Wheat,WheatSRB,WheatSRB,2059,0.026
USA,SnakeRiverBasin,Wheat,WheatSRB,WheatSRB,2060,0.026
USA,SnakeRiverBasin,Wheat,WheatSRB,WheatSRB,2061,0.026
USA,SnakeRiverBasin,Wheat,WheatSRB,WheatSRB,2062,0.026
USA,SnakeRiverBasin,Wheat,WheatSRB,WheatSRB,2063,0.026
USA,SnakeRiverBasin,Wheat,WheatSRB,WheatSRB,2064,0.026
USA,SnakeRiverBasin,Wheat,WheatSRB,WheatSRB,2065,0.026
USA,SnakeRiverBasin,Wheat,WheatSRB,WheatSRB,2066,0.026
USA,SnakeRiverBasin,Wheat,WheatSRB,WheatSRB,2067,0.026
USA,SnakeRiverBasin,Wheat,WheatSRB,WheatSRB,2068,0.026
USA,SnakeRiverBasin,Wheat,WheatSRB,WheatSRB,2069,0.026
USA,SnakeRiverBasin,Wheat,WheatSRB,WheatSRB,2070,0.026
USA,SnakeRiverBasin,Wheat,WheatSRB,WheatSRB,2071,0.026
USA,SnakeRiverBasin,Wheat,WheatSRB,WheatSRB,2072,0.026
USA,SnakeRiverBasin,Wheat,WheatSRB,WheatSRB,2073,0.026
USA,SnakeRiverBasin,Wheat,WheatSRB,WheatSRB,2074,0.026
USA,SnakeRiverBasin,Wheat,WheatSRB,WheatSRB,2075,0.026
USA,SnakeRiverBasin,Wheat,WheatSRB,WheatSRB,2076,0.026
USA,SnakeRiverBasin,Wheat,WheatSRB,WheatSRB,2077,0.026
USA,SnakeRiverBasin,Wheat,WheatSRB,WheatSRB,2078,0.026
USA,SnakeRiverBasin,Wheat,WheatSRB,WheatSRB,2079,0.026
USA,SnakeRiverBasin,Wheat,WheatSRB,WheatSRB,2080,0.026
USA,SnakeRiverBasin,Wheat,WheatSRB,WheatSRB,2081,0.026
USA,SnakeRiverBasin,Wheat,WheatSRB,WheatSRB,2082,0.026
USA,SnakeRiverBasin,Wheat,WheatSRB,WheatSRB,2083,0.026
USA,SnakeRiverBasin,Wheat,WheatSRB,WheatSRB,2084,0.026
USA,SnakeRiverBasin,Wheat,WheatSRB,WheatSRB,2085,0.026
USA,SnakeRiverBasin,Wheat,WheatSRB,WheatSRB,2086,0.026
USA,SnakeRiverBasin,Wheat,WheatSRB,WheatSRB,2087,0.026
USA,SnakeRiverBasin,Wheat,WheatSRB,WheatSRB,2088,0.026
USA,SnakeRiverBasin,Wheat,WheatSRB,WheatSRB,2089,0.026
USA,SnakeRiverBasin,Wheat,WheatSRB,WheatSRB,2090,0.026
USA,SnakeRiverBasin,Wheat,WheatSRB,WheatSRB,2091,0.026
USA,SnakeRiverBasin,Wheat,WheatSRB,WheatSRB,2092,0.026
USA,SnakeRiverBasin,Wheat,WheatSRB,WheatSRB,2093,0.026
USA,SnakeRiverBasin,Wheat,WheatSRB,WheatSRB,2094,0.026
USA,SnakeRiverBasin,Wheat,WheatSRB,WheatSRB,2095,0.026
USA,SnakeRiverBasin,Wheat,WheatSRB,WheatSRB,2096,0.026
USA,SnakeRiverBasin,Wheat,WheatSRB,WheatSRB,2097,0.026
USA,SnakeRiverBasin,Wheat,WheatSRB,WheatSRB,2098,0.026
USA,SnakeRiverBasin,Wheat,WheatSRB,WheatSRB,2099,0.026
USA,SnakeRiverBasin,Wheat,WheatSRB,WheatSRB,2100,0.026
USA,SnakeRiverBasin,Forest,ForestSRB,ForestSRB,1975,29.59
USA,SnakeRiverBasin,Forest,ForestSRB,ForestSRB,1990,29.59
USA,SnakeRiverBasin,Forest,ForestSRB,ForestSRB,2005,29.59
USA,SnakeRiverBasin,Forest,ForestSRB,ForestSRB,2010,29.59
USA,SnakeRiverBasin,Forest,ForestSRB,ForestSRB,2015,29.59
USA,SnakeRiverBasin,Forest,ForestSRB,ForestSRB,2020,29.59
USA,SnakeRiverBasin,Forest,ForestSRB,ForestSRB,2021,29.59
USA,SnakeRiverBasin,Forest,ForestSRB,ForestSRB,2022,29.59
USA,SnakeRiverBasin,Forest,ForestSRB,ForestSRB,2023,29.59
USA,SnakeRiverBasin,Forest,ForestSRB,ForestSRB,2024,29.59
USA,SnakeRiverBasin,Forest,ForestSRB,ForestSRB,2025,29.59
USA,SnakeRiverBasin,Forest,ForestSRB,ForestSRB,2026,29.59
USA,SnakeRiverBasin,Forest,ForestSRB,ForestSRB,2027,29.59
USA,SnakeRiverBasin,Forest,ForestSRB,ForestSRB,2028,29.59
USA,SnakeRiverBasin,Forest,ForestSRB,ForestSRB,2029,29.59
USA,SnakeRiverBasin,Forest,ForestSRB,ForestSRB,2030,29.59
USA,SnakeRiverBasin,Forest,ForestSRB,ForestSRB,2031,29.59
USA,SnakeRiverBasin,Forest,ForestSRB,ForestSRB,2032,29.59
USA,SnakeRiverBasin,Forest,ForestSRB,ForestSRB,2033,29.59
USA,SnakeRiverBasin,Forest,ForestSRB,ForestSRB,2034,29.59
USA,SnakeRiverBasin,Forest,ForestSRB,ForestSRB,2035,29.59
USA,SnakeRiverBasin,Forest,ForestSRB,ForestSRB,2036,29.59
USA,SnakeRiverBasin,Forest,ForestSRB,ForestSRB,2037,29.59
USA,SnakeRiverBasin,Forest,ForestSRB,ForestSRB,2038,29.59
USA,SnakeRiverBasin,Forest,ForestSRB,ForestSRB,2039,29.59
USA,SnakeRiverBasin,Forest,ForestSRB,ForestSRB,2040,29.59
USA,SnakeRiverBasin,Forest,ForestSRB,ForestSRB,2041,29.59
USA,SnakeRiverBasin,Forest,ForestSRB,ForestSRB,2042,29.59
USA,SnakeRiverBasin,Forest,ForestSRB,ForestSRB,2043,29.59
USA,SnakeRiverBasin,Forest,ForestSRB,ForestSRB,2044,29.59
USA,SnakeRiverBasin,Forest,ForestSRB,ForestSRB,2045,29.59
USA,SnakeRiverBasin,Forest,ForestSRB,ForestSRB,2046,29.59
USA,SnakeRiverBasin,Forest,ForestSRB,ForestSRB,2047,29.59
USA,SnakeRiverBasin,Forest,ForestSRB,ForestSRB,2048,29.59
USA,SnakeRiverBasin,Forest,ForestSRB,ForestSRB,2049,29.59
USA,SnakeRiverBasin,Forest,ForestSRB,ForestSRB,2050,29.59
USA,SnakeRiverBasin,Forest,ForestSRB,ForestSRB,2051,29.59
USA,SnakeRiverBasin,Forest,ForestSRB,ForestSRB,2052,29.59
USA,SnakeRiverBasin,Forest,ForestSRB,ForestSRB,2053,29.59
USA,SnakeRiverBasin,Forest,ForestSRB,ForestSRB,2054,29.59
USA,SnakeRiverBasin,Forest,ForestSRB,ForestSRB,2055,29.59
USA,SnakeRiverBasin,Forest,ForestSRB,ForestSRB,2056,29.59
USA,SnakeRiverBasin,Forest,ForestSRB,ForestSRB,2057,29.59
USA,SnakeRiverBasin,Forest,ForestSRB,ForestSRB,2058,29.59
USA,SnakeRiverBasin,Forest,ForestSRB,ForestSRB,2059,29.59
USA,SnakeRiverBasin,Forest,ForestSRB,ForestSRB,2060,29.59
USA,SnakeRiverBasin,Forest,ForestSRB,ForestSRB,2061,29.59
USA,SnakeRiverBasin,Forest,ForestSRB,ForestSRB,2062,29.59
USA,SnakeRiverBasin,Forest,ForestSRB,ForestSRB,2063,29.59
USA,SnakeRiverBasin,Forest,ForestSRB,ForestSRB,2064,29.59
USA,SnakeRiverBasin,Forest,ForestSRB,ForestSRB,2065,29.59
USA,SnakeRiverBasin,Forest,ForestSRB,ForestSRB,2066,29.59
USA,SnakeRiverBasin,Forest,ForestSRB,ForestSRB,2067,29.59
USA,SnakeRiverBasin,Forest,ForestSRB,ForestSRB,2068,29.59
USA,SnakeRiverBasin,Forest,ForestSRB,ForestSRB,2069,29.59
USA,SnakeRiverBasin,Forest,ForestSRB,ForestSRB,2070,29.59
USA,SnakeRiverBasin,Forest,ForestSRB,ForestSRB,2071,29.59
USA,SnakeRiverBasin,Forest,ForestSRB,ForestSRB,2072,29.59
USA,SnakeRiverBasin,Forest,ForestSRB,ForestSRB,2073,29.59
USA,SnakeRiverBasin,Forest,ForestSRB,ForestSRB,2074,29.59
USA,SnakeRiverBasin,Forest,ForestSRB,ForestSRB,2075,29.59
USA,SnakeRiverBasin,Forest,ForestSRB,ForestSRB,2076,29.59
USA,SnakeRiverBasin,Forest,ForestSRB,ForestSRB,2077,29.59
USA,SnakeRiverBasin,Forest,ForestSRB,ForestSRB,2078,29.59
USA,SnakeRiverBasin,Forest,ForestSRB,ForestSRB,2079,29.59
USA,SnakeRiverBasin,Forest,ForestSRB,ForestSRB,2080,29.59
USA,SnakeRiverBasin,Forest,ForestSRB,ForestSRB,2081,29.59
USA,SnakeRiverBasin,Forest,ForestSRB,ForestSRB,2082,29.59
USA,SnakeRiverBasin,Forest,ForestSRB,ForestSRB,2083,29.59
USA,SnakeRiverBasin,Forest,ForestSRB,ForestSRB,2084,29.59
USA,SnakeRiverBasin,Forest,ForestSRB,ForestSRB,2085,29.59
USA,SnakeRiverBasin,Forest,ForestSRB,ForestSRB,2086,29.59
USA,SnakeRiverBasin,Forest,ForestSRB,ForestSRB,2087,29.59
USA,SnakeRiverBasin,Forest,ForestSRB,ForestSRB,2088,29.59
USA,SnakeRiverBasin,Forest,ForestSRB,ForestSRB,2089,29.59
USA,SnakeRiverBasin,Forest,ForestSRB,ForestSRB,2090,29.59
USA,SnakeRiverBasin,Forest,ForestSRB,ForestSRB,2091,29.59
USA,SnakeRiverBasin,Forest,ForestSRB,ForestSRB,2092,29.59
USA,SnakeRiverBasin,Forest,ForestSRB,ForestSRB,2093,29.59
USA,SnakeRiverBasin,Forest,ForestSRB,ForestSRB,2094,29.59
USA,SnakeRiverBasin,Forest,ForestSRB,ForestSRB,2095,29.59
USA,SnakeRiverBasin,Forest,ForestSRB,ForestSRB,2096,29.59
USA,SnakeRiverBasin,Forest,ForestSRB,ForestSRB,2097,29.59
USA,SnakeRiverBasin,Forest,ForestSRB,ForestSRB,2098,29.59
USA,SnakeRiverBasin,Forest,ForestSRB,ForestSRB,2099,29.59
USA,SnakeRiverBasin,Forest,ForestSRB,ForestSRB,2100,29.59